bun test v1.4.0-canary.1 (b58cd4685)

packages/memory-core/src/harness-neutrality.test.ts:
(pass) memory-core harness neutrality > #given the package manifest #when dependencies are inspected #then no senpi or pi packages appear [0.68ms]
(pass) memory-core harness neutrality > #given every source file #when import specifiers are scanned #then no harness-coupled module is imported [5.36ms]

packages/memory-core/src/journal/store.test.ts:
(pass) transcript journal store > #given three completed assistant messages #when reconciled twice #then rows are idempotent and steps stay derived [3.24ms]
(pass) transcript journal store > #given a stale derived counter on disk #when state is written #then the counter is recomputed [1.84ms]
(pass) cancellable journal flush > #given a journal with rows #when flush runs #then it settles and leaves no lock behind [1.85ms]
(pass) cancellable journal flush > #given a signal aborted before acquisition #when flush runs #then it throws AbortError and creates no lock file [1.07ms]
(pass) cancellable journal flush > #given an abort during the acquisition retry loop #when the lock is contended #then it throws without acquiring [0.49ms]
(pass) cancellable journal flush > #given an abort raised while the task holds the lock #when the task settles #then the lock file is released anyway [0.42ms]
(pass) cancellable journal flush > #given a signal aborted mid-flush #when the remaining fsyncs are reached #then flush returns early without throwing [0.99ms]

packages/memory-core/src/journal/cursor.test.ts:
(pass) reflection cursor > #given an aborted signal #when snapshot capture starts #then reflection state is not mutated [1.85ms]
(pass) reflection cursor > #given rows appended during reflection #when the captured snapshot succeeds #then only snapshot rows become reflected [3.81ms]
(pass) reflection cursor > #given a captured snapshot #when reflection fails #then the cursor remains retryable [3.65ms]

packages/memory-core/src/journal/entries.test.ts:
(pass) transcript entry projection > #given an assistant trajectory #when projected #then canonical and contextual rows use stable ids [0.18ms]
(pass) transcript entry projection > #given a tool-only assistant message #when projected #then it has no canonical assistant row [0.07ms]

packages/memory-core/src/locks/domains.test.ts:
(pass) lock domain paths > #given the runtime lock directory #when domain paths are resolved #then every protocol has a stable confined name [0.32ms]
(pass) lock domain paths > #given hostile and distinct run ids #when finalization paths are resolved #then names remain confined and distinct [0.15ms]

packages/memory-core/src/locks/subprocess-contention.test.ts:
(pass) real subprocess lock contention > #given two Bun subprocess writers #when they contend on one counter #then critical-section log entries never interleave [60.48ms]
(pass) real subprocess lock contention > #given a SIGKILLed Bun lock holder #when another process acquires #then proven-dead ownership is recovered [25.27ms]
(pass) real subprocess lock contention > #given a live Bun lock holder #when a contender tries immediately #then the live owner is never stolen [24.14ms]

packages/memory-core/src/locks/lock-record.test.ts:
(pass) cross-process lock protocol > #given an absent lock #when it is acquired and released #then the complete record is published and removed [4.06ms]
(pass) cross-process lock protocol > #given an owned lock #when another owner acquires it #then a typed retriable contention error is raised [8.52ms]
(pass) cross-process lock protocol > #given a lock whose nonce changed #when the former owner releases #then the replacement remains held [5.12ms]
(pass) cross-process lock protocol > #given a live PID with a different process start #when acquisition is attempted #then PID reuse is recovered [10.96ms]
(pass) cross-process lock protocol > #given a very old lock whose owner is live #when acquisition is attempted #then age alone never permits recovery [7.51ms]
(pass) cross-process lock protocol > #given a dead owner on another host #when acquisition is attempted #then recovery fails closed [6.81ms]
(pass) cross-process lock protocol > #given a callback under a lock #when the callback fails #then withLock releases only its own lock [3.60ms]

packages/memory-core/src/tools/patch-parser.test.ts:
(pass) memory patch parser > #given leading content #when parsed #then a prefixed typed envelope error is thrown [0.25ms]
(pass) memory patch parser > #given indented begin #when parsed #then a prefixed typed envelope error is thrown [0.06ms]
(pass) memory patch parser > #given missing end #when parsed #then a prefixed typed envelope error is thrown [0.07ms]
(pass) memory patch parser > #given trailing garbage #when parsed #then a prefixed typed envelope error is thrown [0.05ms]
(pass) memory patch parser > #given empty operations #when parsed #then a prefixed typed envelope error is thrown [0.05ms]
(pass) memory patch parser > #given CRLF and a terminal newline #when parsed #then the envelope is normalized [0.09ms]
(pass) memory patch parser > #given add update move and delete directives #when parsed #then paths and hunks preserve patch text [0.09ms]
(pass) memory patch parser > #given an update without an @@ marker #when parsed #then it forms one implicit hunk [0.07ms]
(pass) memory patch parser > #given malformed directive bodies #when parsed #then line-oriented failures stay actionable [0.07ms]

packages/memory-core/src/tools/soul-edit.test.ts:
(pass) runMemoryTool soul-edit result > #given a create committed under system/persona.md #when the tool runs #then the result carries the commit metadata and the soul-edit directive [300.99ms]
(pass) runMemoryTool soul-edit result > #given a str_replace on system/identity.md #when the tool runs #then the soul-edit directive appears [373.71ms]
(pass) runMemoryTool soul-edit result > #given a rename that moves system/persona.md #when the tool runs #then the soul-edit directive appears [363.28ms]
(pass) runMemoryTool soul-edit result > #given a commit that touches only non-soul files #when the tool runs #then no soul-edit directive appears but commit metadata is present [281.94ms]
(pass) runMemoryApplyPatch soul-edit result > #given a patch updating system/persona.md #when applied #then the result carries the soul-edit directive and commit metadata [373.68ms]
(pass) runMemoryApplyPatch soul-edit result > #given a patch adding a non-soul file #when applied #then no soul-edit directive appears [274.37ms]

packages/memory-core/src/tools/memory.test.ts:
(pass) runMemoryTool > #given create params #when run #then it renders frontmatter, commits under the writer lock, and reports local [302.04ms]
(pass) runMemoryTool > #given accepted-turn provenance #when memory commits #then the in-band writer session and turn trailers are durable [288.97ms]
(pass) runMemoryTool > #given create omits optional file_text #when run #then an empty body is valid [271.58ms]
(pass) runMemoryTool > #given a configured remote #when create commits #then the result delegates synchronization to the harness [283.88ms]
(pass) runMemoryTool > #given two matching body occurrences #when str_replace runs #then only the first occurrence changes [385.42ms]
(pass) runMemoryTool > #given insert positions below and above the body #when insert runs #then positions clamp to first and lines+1 [500.92ms]
(pass) runMemoryTool > #given a nested directory #when delete runs #then it recursively removes every tracked file [470.83ms]
(pass) runMemoryTool > #given an editable file #when rename runs #then it creates parents and tracks old and new paths [388.21ms]

packages/memory-core/src/tools/memory-apply-patch-validation.test.ts:
(pass) memoryApplyPatch validation failures > #given read_only source or resulting target #when updated #then both are rejected before disk writes [626.89ms]
(pass) memoryApplyPatch validation failures > #given near-matching context #when updated #then no fuzzy match is attempted [273.62ms]
(pass) memoryApplyPatch validation failures > #given backticks in mismatched previews #when diagnosed #then the exact hardened format sizes fences safely [284.80ms]
(pass) memoryApplyPatch validation failures > #given oversized failed and current chunks #when diagnosed #then previews truncate at 2000 and 4000 characters [274.90ms]
(pass) memoryApplyPatch validation failures > #given UTF-16LE source #when read #then it is rejected with conversion guidance and remains byte-identical [366.65ms]
(pass) memoryApplyPatch validation failures > #given duplicate add, existing add, and empty patch #when applied #then each fails with the tool prefix [447.81ms]

packages/memory-core/src/tools/memory-apply-patch-provenance.test.ts:
(pass) memoryApplyPatch provenance and locks > #given accepted-turn provenance #when a patch commits #then the in-band writer session and turn trailers are durable [281.51ms]
(pass) memoryApplyPatch provenance and locks > #given a delete and configured remote #when applied #then writer lock, deletion, and remote result shape are pinned [376.37ms]

packages/memory-core/src/tools/memory-apply-patch.test.ts:
(pass) memoryApplyPatch success operations > #given an add without frontmatter #when applied #then description is synthesized and reason and author commit [298.04ms]
(pass) memoryApplyPatch success operations > #given add then update in one patch #when applied #then the update sees the pending add [291.38ms]
(pass) memoryApplyPatch success operations > #given a move followed by an edit #when applied #then target writes are visible and source is deleted [450.90ms]
(pass) memoryApplyPatch success operations > #given a final line without newline #when a newline-anchored hunk applies #then the sole fallback preserves no newline [529.40ms]

packages/memory-core/src/tools/memory-validation.test.ts:
(pass) runMemoryTool > #given read_only frontmatter #when update_description runs #then it rejects without changing HEAD [333.31ms]
(pass) runMemoryTool > #given editable frontmatter with read_only false #when update_description runs #then body and flag are preserved [406.69ms]
(pass) runMemoryTool > #given read_only descendants #when recursive delete runs #then tool-level enforcement rejects the directory [289.15ms]
(pass) runMemoryTool > #given each editable mutation command targets read_only content #when run #then every command rejects [331.89ms]
(pass) runMemoryTool > #given invalid and missing command inputs #when run #then caller-neutral typed tool errors retain the memory prefix [231.17ms]
(pass) runMemoryTool > #given existing or missing targets #when commands require the opposite #then they fail without commits [323.03ms]
(pass) runMemoryTool > #given byte-identical replacements or descriptions #when commit detects no diff #then it reports no effective changes [720.87ms]
(pass) runMemoryTool > #given an untracked empty directory #when delete yields no affected tracked paths #then it reports made no changes [188.39ms]
(pass) runMemoryTool > #given a UTF-16 BOM memory file #when a mutating command reads it #then a typed error asks for UTF-8 conversion [274.14ms]
(pass) runMemoryTool > #given unrelated dirty files #when a command starts #then cleanCheck fails first with porcelain listing [178.82ms]

packages/memory-core/src/identity/sanitize.test.ts:
(pass) shortHash > #given a string #when hashed #then it is the first 8 hex chars of its sha256 [0.16ms]
(pass) sanitizeToSlug > #given already-safe input #when sanitized #then it is unchanged [0.09ms]
(pass) sanitizeToSlug > #given unicode input #when sanitized #then it folds to ascii or dashes [0.10ms]
(pass) sanitizeToSlug > #given separator-heavy input #when sanitized #then dashes collapse and trim [0.04ms]
(pass) sanitizeToSlug > #given overlong input #when sanitized #then it caps without a trailing dash [0.05ms]

packages/memory-core/src/identity/resolve.test.ts:
(pass) resolveMemoryIdentity auto mode > #given the same cwd #when resolved repeatedly #then the id is deterministic [0.20ms]
(pass) resolveMemoryIdentity auto mode > #given two projects with the same basename #when resolved #then slugs match but ids differ [0.05ms]
(pass) resolveMemoryIdentity auto mode > #given cwd spelling variants #when resolved #then normalization yields the same id [0.06ms]
(pass) resolveMemoryIdentity auto mode > #given a project path #when resolved #then the id is basename slug plus sha256-8 of the full path [0.06ms]
(pass) resolveMemoryIdentity auto mode > #given no root override #when resolved #then paths live under ~/.omo/memory/agents/<id> [0.05ms]
(pass) resolveMemoryIdentity explicit mode > #given explicit id 'backend-lead' #when resolved #then the dir is agents/backend-lead-<hash> [0.06ms]
(pass) resolveMemoryIdentity explicit mode > #given an explicit id with surrounding whitespace #when resolved #then it matches the trimmed form [0.05ms]
(pass) resolveMemoryIdentity explicit mode > #given the exact keyword 'auto' #when compared with 'Auto' #then only lowercase triggers auto mode [0.06ms]
(pass) resolveMemoryIdentity root override > #given OMO_MEMORY_HOME #when resolved #then paths honor it and sanitization still applies [0.07ms]
(pass) resolveMemoryIdentity root override > #given a relative OMO_MEMORY_HOME #when resolved #then it resolves against the cwd argument [0.05ms]
(pass) resolveMemoryIdentity root override > #given no env argument #when OMO_MEMORY_HOME is set in the process env #then the default env read honors it [0.17ms]
(pass) resolveMemoryIdentity input guards > #given an empty cwd #when resolved #then it throws a TypeError [0.11ms]

packages/memory-core/src/identity/layout.test.ts:
(pass) memory identity layout constants > #given the layout module #when constants are inspected #then they pin the decided directory names [0.09ms]
(pass) defaultMemoryRoot > #given no override #when the default root is computed #then it is ~/.omo/memory [0.05ms]
(pass) resolveMemoryRoot > #given an absolute OMO_MEMORY_HOME #when the root is resolved #then the override is used verbatim [0.06ms]
(pass) resolveMemoryRoot > #given a relative OMO_MEMORY_HOME #when the root is resolved #then it resolves against the given cwd [0.05ms]
(pass) resolveMemoryRoot > #given an empty or whitespace OMO_MEMORY_HOME #when the root is resolved #then the default root is used [0.05ms]
(pass) buildIdentityPaths > #given a memory root and id #when paths are built #then the decided layout shape is produced [0.07ms]
(pass) buildIdentityPaths > #given built paths #when runtime subdirs are enumerated #then every declared subdir is present under runtime [0.07ms]

packages/memory-core/src/identity/confinement.test.ts:
(pass) resolveMemoryIdentity sanitization confinement > #given hostile explicit ids #when resolved #then every id is a safe slug and every path stays confined [0.50ms]
(pass) resolveMemoryIdentity sanitization confinement > #given '../evil' #when resolved #then it becomes a benign slug and never escapes the root [0.07ms]
(pass) resolveMemoryIdentity sanitization confinement > #given inputs that sanitize to the same slug #when resolved #then hash suffixes keep them distinct [0.06ms]

packages/memory-core/src/memfs/frontmatter-kind-aliases.test.ts:
(pass) frontmatter kind + aliases (IC-13) > #given a file with kind and aliases > #then parseMemoryFile extracts kind and aliases [0.12ms]
(pass) frontmatter kind + aliases (IC-13) > #given a file with kind and aliases > #then renderMemoryFile emits kind then aliases after description [0.07ms]
(pass) frontmatter kind + aliases (IC-13) > #given a file with kind and aliases > #then round-trip parse -> render -> parse is stable [0.05ms]
(pass) frontmatter kind + aliases (IC-13) > #given a file with kind but no aliases > #then parseMemoryFile extracts kind and leaves aliases undefined [0.04ms]
(pass) frontmatter kind + aliases (IC-13) > #given a file with kind but no aliases > #then renderMemoryFile omits aliases when undefined [0.04ms]
(pass) frontmatter kind + aliases (IC-13) > #given a file with aliases but no kind > #then parseMemoryFile extracts aliases and leaves kind undefined [0.04ms]
(pass) frontmatter kind + aliases (IC-13) > #given a file with aliases but no kind > #then renderMemoryFile omits kind when undefined [0.04ms]
(pass) frontmatter kind + aliases (IC-13) > #given a file with read_only, kind, and aliases together > #then parseMemoryFile preserves all fields [0.04ms]
(pass) frontmatter kind + aliases (IC-13) > #given a file with read_only, kind, and aliases together > #then renderMemoryFile emits all fields in order [0.05ms]
(pass) frontmatter kind + aliases (IC-13) > #given aliases that is not a JSON array > #then parseMemoryFile throws FrontmatterError [0.09ms]
(pass) frontmatter kind + aliases (IC-13) > #given aliases that is a JSON array with empty strings > #then parseMemoryFile throws FrontmatterError [0.07ms]
(pass) frontmatter kind + aliases (IC-13) > #given aliases that is a JSON array of non-strings > #then parseMemoryFile throws FrontmatterError [0.06ms]
(pass) frontmatter kind + aliases (IC-13) > #given aliases that is a JSON object (not array) > #then parseMemoryFile throws FrontmatterError [0.05ms]
(pass) frontmatter kind + aliases (IC-13) > #given a card edit via str_replace keeps kind+aliases (IC-13 round-trip through memory tool) > #then parse -> render -> parse preserves kind+aliases through body edit [0.06ms]
(pass) frontmatter kind + aliases (IC-13) > #given a card edit via apply_patch keeps kind+aliases (IC-13 round-trip) > #then the full file round-trips through parse+render preserving frontmatter [0.04ms]
(pass) frontmatter kind + aliases (IC-13) > #given an empty aliases array > #then parseMemoryFile accepts it as an empty array [0.04ms]
(pass) frontmatter kind + aliases (IC-13) > #given an empty aliases array > #then renderMemoryFile round-trips empty aliases [0.05ms]
(pass) frontmatter kind + aliases (IC-13) > #given kind as a multi-word value > #then parseMemoryFile preserves kind verbatim [0.04ms]
(pass) frontmatter kind + aliases (IC-13) > #given aliases with special characters in names > #then parseMemoryFile preserves them through round-trip [0.05ms]

packages/memory-core/src/memfs/frontmatter.test.ts:
(pass) frontmatter > #given a well-formed memory file > #then parseMemoryFile extracts description and body [0.06ms]
(pass) frontmatter > #given a well-formed memory file > #then renderMemoryFile roundtrips stably [0.04ms]
(pass) frontmatter > #given a memory file with read_only: true > #then parseMemoryFile preserves read_only [0.03ms]
(pass) frontmatter > #given a memory file with read_only: true > #then renderMemoryFile preserves read_only through edits [0.04ms]
(pass) frontmatter > #given frontmatter with a limit key (legacy) > #then parseMemoryFile tolerates and ignores limit [0.03ms]
(pass) frontmatter > #given CRLF line endings > #then parseMemoryFile normalizes CRLF on read [0.03ms]
(pass) frontmatter > #given CRLF line endings > #then renderMemoryFile outputs LF only [0.03ms]
(pass) frontmatter > #given a description with embedded newlines > #then renderMemoryFile collapses newlines in description to spaces [0.04ms]
(pass) frontmatter > #given an empty body > #then parseMemoryFile yields empty body [0.03ms]
(pass) frontmatter > #given an empty body > #then renderMemoryFile with empty body produces header with trailing newline [0.03ms]
(pass) frontmatter > #given frontmatter without closing delimiter > #then parseMemoryFile throws FrontmatterError [0.04ms]
(pass) frontmatter > #given a file with no frontmatter at all > #then parseMemoryFile throws FrontmatterError [0.03ms]
(pass) frontmatter > #given frontmatter with missing description > #then parseMemoryFile throws FrontmatterError [0.04ms]
(pass) frontmatter > #given frontmatter with empty description value > #then parseMemoryFile throws FrontmatterError [0.03ms]
(pass) frontmatter > #given renderMemoryFile with empty description > #then throws FrontmatterError [0.04ms]
(pass) frontmatter > #given renderMemoryFile with whitespace-only description > #then throws FrontmatterError [0.04ms]
(pass) frontmatter > roundtrip stability > #then parse -> render -> parse is stable across varied inputs [0.06ms]
(pass) frontmatter > #given description with surrounding whitespace > #then renderMemoryFile trims description [0.03ms]
(pass) frontmatter > #given frontmatter with extra whitespace around keys > #then parseMemoryFile trims keys and values [0.03ms]

packages/memory-core/src/memfs/hooks.test.ts:
(pass) installHooks > #given a repository #when hooks are installed twice #then both hooks stay executable and identical [65.69ms]
(pass) installHooks > #given the hook scripts #when checked for portability #then they parse as POSIX sh without bash-only constructs [8.78ms]
(pass) installHooks > #given a linked worktree #when hooks are installed #then they land in the shared hooks directory [637.43ms]
(pass) pre-commit hook > #given valid memory markdown #when it is committed #then the hook accepts every supported shape [517.71ms]
(pass) pre-commit hook > #given a read_only file from the server #when an unrelated file changes #then the commit still succeeds [469.01ms]
(pass) pre-commit hook > #given missing frontmatter #when the commit runs #then the hook rejects it [276.41ms]
(pass) pre-commit hook > #given unclosed frontmatter #when the commit runs #then the hook rejects it [276.24ms]
(pass) pre-commit hook > #given empty description #when the commit runs #then the hook rejects it [307.84ms]
(pass) pre-commit hook > #given multi-line description #when the commit runs #then the hook rejects it [288.02ms]
(pass) pre-commit hook > #given missing description #when the commit runs #then the hook rejects it [278.11ms]
(pass) pre-commit hook > #given unknown key #when the commit runs #then the hook rejects it [287.22ms]
(pass) pre-commit hook > #given read_only added by the agent #when the commit runs #then the hook rejects it [294.62ms]
(pass) pre-commit hook > #given flat skill file #when the commit runs #then the hook rejects it [261.01ms]
(pass) pre-commit hook > #given legacy flat skill file #when the commit runs #then the hook rejects it [256.29ms]
(pass) pre-commit hook > #given a committed read_only file #when the body of a read_only file is edited #then the hook rejects the commit [463.13ms]
(pass) pre-commit hook > #given a committed read_only file #when only the description of a read_only file is edited #then the hook rejects the commit [450.38ms]
(pass) pre-commit hook > #given a committed read_only file #when an unlocked read_only key is removed #then the hook rejects the commit [470.13ms]
(pass) pre-commit hook > #given a file whose HEAD read_only is false #when the agent flips it to true #then the change is rejected [487.71ms]
(pass) post-commit mirror push > #given a configured mirror #when a commit lands on main #then it is pushed and logged [526.18ms]
(pass) post-commit mirror push > #given no configured mirror #when a commit lands #then the hook no-ops without a log [415.46ms]
(pass) post-commit mirror push > #given a reflection branch and a detached HEAD #when commits land #then nothing is pushed [726.04ms]
(pass) post-commit mirror push > #given an unreachable mirror #when a commit lands #then the commit succeeds and the failure is logged [481.09ms]
(pass) post-commit mirror push > #given the default background push #when a commit lands #then the mirror receives it without blocking the commit [526.55ms]

packages/memory-core/src/memfs/paths.test.ts:
(pass) validateMemoryPath > #given valid tool labels #when normalized #then they resolve to confined markdown files > #given "system/notes" #when validated #then returns system/notes.md [0.45ms]
(pass) validateMemoryPath > #given valid tool labels #when normalized #then they resolve to confined markdown files > #given "system/notes.md" #when validated #then returns system/notes.md [0.24ms]
(pass) validateMemoryPath > #given valid tool labels #when normalized #then they resolve to confined markdown files > #given "memory/system/notes" #when validated #then returns system/notes.md [0.22ms]
(pass) validateMemoryPath > #given valid tool labels #when normalized #then they resolve to confined markdown files > #given "memory/reference/nested/topic.md" #when validated #then returns reference/nested/topic.md [0.22ms]
(pass) validateMemoryPath > #given valid tool labels #when normalized #then they resolve to confined markdown files > #given "system//nested///notes" #when validated #then returns system/nested/notes.md [0.20ms]
(pass) validateMemoryPath > #given valid tool labels #when normalized #then they resolve to confined markdown files > #given "system\\nested\\notes.md" #when validated #then returns system/nested/notes.md [0.20ms]
(pass) validateMemoryPath > #given valid tool labels #when normalized #then they resolve to confined markdown files > #given "  system/notes.md  " #when validated #then returns system/notes.md [0.22ms]
(pass) validateMemoryPath > #given valid tool labels #when normalized #then they resolve to confined markdown files > #given an absolute path inside root #when validated #then it is accepted [0.27ms]
(pass) validateMemoryPath > #given hostile labels #when validated #then they are rejected > #given "" #when validated #then rejects with non-empty [0.27ms]
(pass) validateMemoryPath > #given hostile labels #when validated #then they are rejected > #given "   " #when validated #then rejects with non-empty [0.22ms]
(pass) validateMemoryPath > #given hostile labels #when validated #then they are rejected > #given "memory/" #when validated #then rejects with empty [0.22ms]
(pass) validateMemoryPath > #given hostile labels #when validated #then they are rejected > #given "../etc" #when validated #then rejects with traversal [0.27ms]
(pass) validateMemoryPath > #given hostile labels #when validated #then they are rejected > #given "a/../../etc" #when validated #then rejects with traversal [0.22ms]
(pass) validateMemoryPath > #given hostile labels #when validated #then they are rejected > #given "a/./notes" #when validated #then rejects with traversal [0.22ms]
(pass) validateMemoryPath > #given hostile labels #when validated #then they are rejected > #given "system/../notes" #when validated #then rejects with traversal [0.22ms]
(pass) validateMemoryPath > #given hostile labels #when validated #then they are rejected > #given "system/nu\u0000ll" #when validated #then rejects with null [0.21ms]
(pass) validateMemoryPath > #given hostile labels #when validated #then they are rejected > #given "~/x" #when validated #then rejects with home-relative [0.20ms]
(pass) validateMemoryPath > #given hostile labels #when validated #then they are rejected > #given "$HOME/x" #when validated #then rejects with home-relative [0.30ms]
(pass) validateMemoryPath > #given hostile labels #when validated #then they are rejected > #given "notes.txt" #when validated #then rejects with markdown [0.25ms]
(pass) validateMemoryPath > #given hostile labels #when validated #then they are rejected > #given "notes.MD" #when validated #then rejects with markdown [0.22ms]
(pass) validateMemoryPath > #given hostile labels #when validated #then they are rejected > #given "notes.Md" #when validated #then rejects with markdown [0.18ms]
(pass) validateMemoryPath > #given hostile labels #when validated #then they are rejected > #given ".git/config" #when validated #then rejects with .git [0.20ms]
(pass) validateMemoryPath > #given hostile labels #when validated #then they are rejected > #given ".GIT/config.md" #when validated #then rejects with .git [0.31ms]
(pass) validateMemoryPath > #given hostile labels #when validated #then they are rejected > #given "system/.Git/config.md" #when validated #then rejects with .git [0.31ms]
(pass) validateMemoryPath > #given hostile labels #when validated #then they are rejected > #given "memory/.gIt/config" #when validated #then rejects with .git [0.20ms]
(pass) validateMemoryPath > #given hostile labels #when validated #then they are rejected > #given an absolute path outside root #when validated #then it is rejected [0.24ms]
(pass) validateMemoryPath > #given hostile labels #when validated #then they are rejected > #given the root itself as an absolute path #when validated #then it is rejected [0.21ms]
(pass) validateMemoryPath > #given hostile labels #when validated #then they are rejected > #given a Windows absolute path outside root #when validated #then it is rejected [0.18ms]
(pass) validateMemoryPath > #given filesystem indirection #when validated #then real ancestors remain confined > #given a symlink directory escaping root #when a child is validated #then it is rejected [0.36ms]
(pass) validateMemoryPath > #given filesystem indirection #when validated #then real ancestors remain confined > #given an existing symlink file escaping root #when validated #then it is rejected [0.42ms]
(pass) validateMemoryPath > #given filesystem indirection #when validated #then real ancestors remain confined > #given a real existing parent inside root #when a missing child is validated #then it is accepted [0.27ms]
(pass) validateMemoryPath > #given filesystem indirection #when validated #then real ancestors remain confined > #given a symlink directory staying inside root #when a child is validated #then it is accepted [0.38ms]
(pass) validateMemoryPath > #given a non-tool repository caller #when validated #then non-markdown paths are allowed but confined > #given a directory label #when validated through repository API #then no extension is added [0.33ms]
(pass) validateMemoryPath > #given a non-tool repository caller #when validated #then non-markdown paths are allowed but confined > #given a non-markdown file #when validated through repository API #then it is accepted [0.26ms]
(pass) validateMemoryPath > #given a non-tool repository caller #when validated #then non-markdown paths are allowed but confined > #given .git with repository API #when validated #then it remains rejected [0.23ms]
(pass) validateMemoryPath > #given a non-tool repository caller #when validated #then non-markdown paths are allowed but confined > #given traversal with repository API #when validated #then it remains rejected [0.20ms]

packages/memory-core/src/search/query.test.ts:
(pass) normalizeText > #given mixed case and padded whitespace #when normalized #then it lowercases, collapses runs and trims [0.08ms]
(pass) parseQuery > #given bare terms and a double-quoted phrase #when parsed #then terms and phrases are separated [0.13ms]
(pass) parseQuery > #given repeated whitespace between terms #when parsed #then empty fragments are dropped [0.05ms]
(pass) parseQuery > #given an unclosed quote #when parsed #then it falls back to raw whitespace terms keeping the quote character [0.06ms]
(pass) parseQuery > #given empty quotes and blank input #when parsed #then nothing is produced [0.04ms]
(pass) parseQuery > #given mixed-case input #when parsed #then case is preserved for match-time normalization [0.04ms]
(pass) matchScore golden formula > #given one term #when scored #then score is first index plus the short-term bonus [0.06ms]
(pass) matchScore golden formula > #given two terms #when scored #then per-term contributions sum [0.04ms]
(pass) matchScore golden formula > #given a term of 50 characters or more #when scored #then the length bonus floors at zero [0.04ms]
(pass) matchScore golden formula > #given a quoted phrase #when scored #then the phrase contributes a tenth of its first index [0.03ms]
(pass) matchScore golden formula > #given a phrase and a term #when scored #then phrase and term contributions combine [0.04ms]
(pass) matchScore golden formula > #given a term that is absent #when scored #then the match is rejected because all terms must match [0.04ms]
(pass) matchScore golden formula > #given a phrase whose words appear out of order #when scored #then the phrase does not match [0.04ms]
(pass) matchScore golden formula > #given mixed case and padded text #when scored #then matching is case-insensitive over normalized text [0.03ms]
(pass) matchScore golden formula > #given an unclosed-quote query #when scored #then the retained quote character must appear literally [0.04ms]
(pass) matchScore golden formula > #given empty text #when scored #then nothing matches [0.03ms]
(pass) searchableText > #given every searchable field #when composed #then type, content, reasoning, summary, tool names, args and return are joined [0.10ms]
(pass) searchableText > #given a string content and no optional fields #when composed #then empty parts are dropped [0.04ms]
(pass) dateInRange > #given inclusive bounds #when a message sits on a boundary #then it stays eligible [0.05ms]
(pass) dateInRange > #given a missing or unparseable message date #when filtered #then the message stays eligible [0.04ms]
(pass) dateInRange > #given unparseable bounds #when filtered #then the filter is ignored [0.04ms]

packages/memory-core/src/search/senpi-session-provider.test.ts:
(pass) SenpiSessionProvider > #given a session file #when conversations are listed #then the file is one conversation keyed by the header id [0.76ms]
(pass) SenpiSessionProvider > #given user, assistant and tool-result entries #when mapped #then text, reasoning, tool names, arguments and returns are searchable [0.78ms]
(pass) SenpiSessionProvider > #given branches that repeat a shared ancestor entry #when mapped #then each entry id appears once [0.37ms]
(pass) SenpiSessionProvider > #given a malformed line and a missing header #when read #then bad lines are skipped and the rest of the file survives [0.55ms]
(pass) SenpiSessionProvider > #given an archived sidecar, an excluded directory and a hidden-marker hook #when listed #then those conversations are hidden but still readable with includeHidden [1.23ms]
(pass) SenpiSessionProvider > #given a hidden marker file inside a session directory #when listed #then every session in that directory is hidden [0.62ms]
(pass) SenpiSessionProvider > #given a missing sessions directory or non-jsonl files #when listed #then reading is empty and never throws [0.22ms]

packages/memory-core/src/search/engine.test.ts:
(pass) searchTranscripts > #given documents with different first-match indices #when searched #then results sort by ascending score [0.15ms]
(pass) searchTranscripts > #given equal scores #when searched #then ties break on descending date [0.07ms]
(pass) searchTranscripts > #given more matches than the limit #when searched #then the default limit is 100 and explicit limits truncate [0.65ms]
(pass) searchTranscripts > #given an empty or term-free query #when searched #then no results are returned [0.05ms]
(pass) searchTranscripts > #given date bounds #when searched #then bounds are inclusive and undated messages stay eligible [0.09ms]
(pass) searchTranscripts > #given hidden conversations #when searched #then they are excluded unless includeHidden is set [0.06ms]
(pass) searchTranscripts > #given a conversation filter #when searched #then only that conversation contributes results [0.05ms]
(pass) searchTranscripts > #given a phrase plus term query #when searched #then only documents matching every term and phrase are returned [0.05ms]
(pass) searchTranscripts > #given a matched document #when results are built #then identity fields are carried through [0.05ms]

packages/memory-core/src/concurrency/two-process.test.ts:
(pass) one memory identity across real Bun processes > #given two synchronized tool writers #when each makes ten writes #then twenty linear commits land with observed lock contention [2240.81ms]
(pass) one memory identity across real Bun processes > #given two synchronized reflection reservers #when they race one identity #then one is active, one is pending, and completion promotes pending [99.18ms]
(pass) one memory identity across real Bun processes > #given a writer SIGKILLed while holding the shared lock #when its peer continues #then liveness takeover completes twenty clean commits [2195.03ms]

packages/memory-core/src/compile/cache.test.ts:
(pass) MemoryBlockCache > #given the same template and HEAD #when compiled twice #then the cached block and timestamp are reused [243.87ms]
(pass) MemoryBlockCache > #given either template content or HEAD changes #when compiled #then each logical session key retains only its latest variant [384.69ms]
(pass) MemoryBlockCache > #given one session at a nudged threshold #when 100 changing nudge variants compile #then replacement keeps the cache bounded to one entry [3675.31ms]
(pass) MemoryBlockCache > #given a consumed soul notice at an unchanged HEAD #when compiled again #then the notice variant is replaced and the line is gone [310.14ms]
(pass) MemoryBlockCache > #given template content #when hashed #then the structure version participates in sha256 [0.14ms]

packages/memory-core/src/compile/compile.test.ts:
(pass) compileMemoryBlock > #given nested committed memory #when compiled #then block sections, projection order, and metadata values form the structural contract [272.76ms]
(pass) compileMemoryBlock > #given a committed persona and identity #when compiled #then both projection paths share the self section and metadata remains structured [272.41ms]
(pass) compileMemoryBlock > #given only a committed identity #when compiled #then it renders under self without a persona projection [230.99ms]
(pass) compileMemoryBlock > #given an empty committed repository #when compiled #then only structured metadata is emitted [187.85ms]
(pass) compileMemoryBlock > #given only a committed persona #when compiled #then its body is projected without its description [229.76ms]

packages/memory-core/src/compile/compile-projections.test.ts:
(pass) compileMemoryBlock > #given a dirty persona edit #when compiled #then only the committed HEAD body sentinel appears [227.85ms]
(pass) compileMemoryBlock > #given a committed binary projection #when compiled #then its path is listed without reading its blob [221.12ms]
(pass) compileMemoryBlock > #given an unreadable committed system file #when compiled #then its structural tag is skipped best-effort [245.11ms]

packages/memory-core/src/compile/render.test.ts:
(pass) memory block sentinels > #given an identity and block #when marked #then the exact sentinel wrapper is returned [0.11ms]
(pass) memory block sentinels > #given repeated legacy blocks #when replaced #then every matching region is transformed [0.15ms]
(pass) memory block sentinels > #given no matching block #when replaced #then the sentinel block is appended [0.04ms]
(pass) memory block sentinels > #given marked regions #when stripped #then only surrounding prompt content remains [0.06ms]

packages/memory-core/src/compile/compile-metadata.test.ts:
(pass) compileMemoryBlock > #given nudge turns #when compiled #then parsed metadata carries the nudge token value only when requested [206.44ms]
(pass) compileMemoryBlock > #given a soul notice #when compiled #then parsed metadata carries the short sha only for that compile [207.72ms]

packages/memory-core/src/seeds/seeds.test.ts:
(pass) default memory seeds > #given the default block label constants > #then they are persona and human in order [5.74ms]
(pass) default memory seeds > #given buildDefaultSeedFiles > #then it produces three files with expected paths and frontmatter [0.15ms]
(pass) default memory seeds > #given buildDefaultSeedFiles > #then the memory-discipline skill seed path is skills/memory-discipline/SKILL.md [0.05ms]
(pass) default memory seeds > #given buildDefaultSeedFiles > #then the memory-discipline skill frontmatter parses and its description starts with the trigger phrase [0.11ms]
(pass) default memory seeds > #given buildDefaultSeedFiles > #then every seed file has valid frontmatter with a description [0.09ms]
(pass) default memory seeds > #given buildDefaultSeedFiles > #then the persona description is 'Persona - who I am' [0.05ms]
(pass) default memory seeds > #given buildDefaultSeedFiles > #then the human description is 'Person - Human' [0.04ms]
(pass) default memory seeds > #given buildDefaultSeedFiles > #then the persona body mentions the memory directory and system projection [0.05ms]
(pass) default memory seeds > #given buildDefaultSeedFiles > #then the persona body has no letta branding [0.04ms]
(pass) default memory seeds > #given buildDefaultSeedFiles > #then the persona body has no emojis [0.07ms]
(pass) default memory seeds > #given buildDefaultSeedFiles > #then the human seed frontmatter has kind: person and aliases [0.05ms]
(pass) default memory seeds > #given buildDefaultSeedFiles > #then the human body is a card-format template (not empty, invites learning) [0.05ms]

packages/memory-core/src/people/format.test.ts:
(pass) people card format (IC-16) > #given a well-formed card with all four prefix types > #then parsePeopleCard extracts all entries with their prefixes [0.21ms]
(pass) people card format (IC-16) > #given a well-formed card with all four prefix types > #then serializePeopleCard round-trips stably [0.09ms]
(pass) people card format (IC-16) > #given a card with blank lines between entries > #then parsePeopleCard skips blank lines [0.05ms]
(pass) people card format (IC-16) > #given a card with a comment-only line > #then parsePeopleCard skips comment lines without diagnostics [0.04ms]
(pass) people card format (IC-16) > #given an invalid prefix line > #then parsePeopleCard returns a diagnostic instead of throwing [0.05ms]
(pass) people card format (IC-16) > #given an invalid prefix line > #then parsePeopleCard still parses valid entries [0.04ms]
(pass) people card format (IC-16) > #given an entry exceeding maxEntryChars > #then parsePeopleCard flags the entry as a diagnostic [0.04ms]
(pass) people card format (IC-16) > #given entries exceeding maxEntries > #then parsePeopleCard flags the overflow as a diagnostic [0.07ms]
(pass) people card format (IC-16) > #given an entry at exactly maxEntryChars > #then parsePeopleCard does not flag it [0.04ms]
(pass) people card format (IC-16) > #given an empty card > #then parsePeopleCard yields no entries and no diagnostics [0.04ms]
(pass) people card format (IC-16) > #given a card with trailing whitespace on lines > #then parsePeopleCard trims trailing whitespace [0.04ms]
(pass) people card format (IC-16) > #given serializePeopleCard with entries > #then produces one line per entry [0.04ms]
(pass) people card format (IC-16) > #given serializePeopleCard with an empty card > #then produces an empty string [0.03ms]
(pass) people card format (IC-16) > #given a RELATIONSHIP entry > #then parsePeopleCard preserves the full content including predicate [0.04ms]
(pass) people card format (IC-16) > #given a line with prefix but no content > #then parsePeopleCard flags it as a diagnostic [0.04ms]
(pass) people card format (IC-16) > #given a line with prefix and only whitespace content > #then parsePeopleCard flags it as a diagnostic [0.03ms]

packages/memory-core/src/people/person-slug.test.ts:
(pass) person slug (IC-14) > #given a display name for slug derivation > #then sanitizePersonSlug reuses sanitizeToSlug rules [0.12ms]
(pass) person slug (IC-14) > #given the reserved slug 'human' > #then isReservedSlug returns true for 'human' [0.06ms]
(pass) person slug (IC-14) > #given a slug collision needing a numeric suffix > #then resolveSlugCollision appends -2, -3, etc. [0.08ms]

packages/memory-core/src/people/format-observations.test.ts:
(pass) observation entry format (IC-16) > #given an explicit observation with full comment fields > #then parsePeopleCard extracts the section and entry [0.15ms]
(pass) observation entry format (IC-16) > #given an observation with minimal fields (just src) > #then parsePeopleCard extracts with optional fields undefined [0.06ms]
(pass) observation entry format (IC-16) > #given an observation with no comment at all > #then parsePeopleCard extracts with all comment fields undefined [0.05ms]
(pass) observation entry format (IC-16) > #given observations in multiple sections > #then parsePeopleCard separates them by section [0.05ms]
(pass) observation entry format (IC-16) > #given an observation entry with n= but no src > #then parsePeopleCard extracts n without src [0.04ms]
(pass) observation entry format (IC-16) > #given an observation entry with multiple src ids > #then parsePeopleCard preserves the full src string [0.04ms]
(pass) observation entry format (IC-16) > #given serializePeopleCard with observations > #then produces a parseable card with both entries and observations [0.06ms]
(pass) observation entry format (IC-16) > #given a mixed card with entries and observations > #then parsePeopleCard extracts both entries and observations [0.04ms]
(pass) observation entry format (IC-16) > #given a mixed card with entries and observations > #then serializePeopleCard round-trips both [0.05ms]
(pass) observation entry format (IC-16) > #given an unknown observation section > #then parsePeopleCard returns a diagnostic for the unknown section [0.06ms]
(pass) observation entry format (IC-16) > #given an observation entry without a date bracket > #then parsePeopleCard flags it as a diagnostic [0.04ms]

packages/memory-core/src/soul/watermark.test.ts:
(pass) consumeSoulNoticeDelta > #given no watermark file #when consumed #then the watermark is established silently at HEAD with no notice [287.73ms]
(pass) consumeSoulNoticeDelta > #given a watermark behind HEAD with an out-of-band persona commit #when consumed #then exactly one notice is emitted and the watermark advances [415.69ms]
(pass) consumeSoulNoticeDelta > #given only in-band memory-tool soul commits since the watermark #when consumed #then no notice is emitted and the watermark stays put [422.39ms]
(pass) consumeSoulNoticeDelta > #given an out-of-band commit that touches only non-soul paths #when consumed #then no notice is emitted [387.91ms]
(pass) consumeSoulNoticeDelta > #given an out-of-band identity.md commit mixed with an in-band persona commit #when consumed #then the notice names the out-of-band commit [503.29ms]
(pass) consumeSoulNoticeDelta > #given a corrupt watermark file #when consumed #then it re-establishes silently at HEAD [301.03ms]
(pass) consumeSoulNoticeDelta > #given a watermark naming a sha that history no longer contains #when consumed #then it re-establishes silently at HEAD [287.88ms]

packages/memory-core/src/sync/mirror.test.ts:
(pass) MirrorSync module surface > #given the push-only mirror contract > #then no pull, fetch or import entry point is exposed [0.18ms]
(pass) MirrorSync module surface > #given the push-only mirror contract > #then the config key and log name are the letta-parity omo names [0.05ms]
(pass) MirrorSync module surface > #given the push-only mirror contract > #then the hook snippet never pushes from a non-main or detached HEAD [0.05ms]
(pass) MirrorSync lifecycle > #given a bare file:// mirror > #when set then a commit lands #then the mirror receives the commit [535.11ms]
(pass) MirrorSync lifecycle > #given a bare file:// mirror > #when set is called with trailing slashes #then the stored url is normalized [323.96ms]
(pass) MirrorSync lifecycle > #given a bare file:// mirror > #when set is called twice #then the second url wins [649.38ms]
(pass) MirrorSync lifecycle > #given a bare file:// mirror > #when unset #then later commits produce no new log lines [582.95ms]
(pass) MirrorSync lifecycle > #given an unreachable mirror > #when set #then the config survives the failed initial push and the reason is reported [261.50ms]
(pass) MirrorSync lifecycle > #given an unreachable mirror > #when a commit lands #then the commit succeeds and the failure is logged in status [496.92ms]
(pass) MirrorSync lifecycle > #given pushNow > #when no mirror is configured #then it reports not-configured without throwing [195.53ms]
(pass) MirrorSync lifecycle > #given pushNow > #when a mirror is configured #then a one-shot foreground push lands and clears ahead [436.09ms]
(pass) MirrorSync lifecycle > #given a credentialed url > #when status is read #then the url is exposed redacted alongside the raw value [417.54ms]
(pass) MirrorSync lifecycle > #given a credentialed url > #when the log contains a credentialed url #then the status tail is redacted [403.08ms]
(pass) MirrorSync lifecycle > #given a credentialed url > #when a push to a credentialed remote fails #then the detail leaks no credential [302.85ms]

packages/memory-core/src/sync/redact.test.ts:
(pass) redactUrl > #given an https url carrying a token > #then the credential is masked and the host and path survive [0.12ms]
(pass) redactUrl > #given an https url with user and password > #then both halves of the credential are masked [0.07ms]
(pass) redactUrl > #given an ssh scp-style url > #then the user info is masked and host plus path survive [0.07ms]
(pass) redactUrl > #given an ssh:// url with user info > #then the user info is masked [0.08ms]
(pass) redactUrl > #given urls without credentials > #then https, file and bare paths pass through unchanged [0.09ms]
(pass) redactUrl > #given free text containing a credentialed url > #then embedded credentials inside log output are masked [0.08ms]
(pass) redactUrl > #given an empty url > #then the empty string is returned [0.07ms]

packages/memory-core/src/facts/queue-reconcile.test.ts:
(pass) facts queue reconcile > #given a leftover queue file with no completion #when reconcile runs #then it is listed as launchable [10.34ms]
(pass) facts queue reconcile > #given a malformed queue file #when listPending runs #then it is ignored instead of throwing [8.33ms]
(pass) facts queue reconcile > #given consumed entries #when markConsumed runs #then the files are deleted and the watermark records the endpoint [12.17ms]

packages/memory-core/src/facts/recovery-setter-race.test.ts:
(pass) facts conditional mutation primitives > preserves a foreign replacement injected after hashing an existing tracked path [949.81ms]
(pass) facts conditional mutation primitives > preserves a foreign write injected after deletion reservation resolves [882.43ms]
(pass) facts conditional mutation primitives > preserves foreign bytes injected after hashing an existing path for deletion [558.28ms]

packages/memory-core/src/facts/extraction-person-lifecycle.test.ts:
(pass) person routing reinforcement > #given an existing explicit observation #when a textually equal fact arrives #then n increments and the date refreshes without a duplicate line [1011.71ms]
(pass) person routing reinforcement > #given an existing explicit observation #when a different fact arrives #then it appends a separate line [747.20ms]
(pass) person routing new people > #given no matching card #when a confidently named person fact arrives #then a card skeleton and ledger are created [530.66ms]
(pass) person routing new people > #given a slug already taken by a different person #when a new person sanitizes to it #then a numeric suffix avoids the collision [659.29ms]
(pass) person routing new people > #given two facts about the same new person in one batch #when applied #then one card receives both entries [545.71ms]

packages/memory-core/src/facts/extraction-routing-gate.test.ts:
(pass) person routing gate and unresolved mentions > #given people routing is disabled #when a person fact arrives #then it falls back to the monthly notes file [460.56ms]
(pass) person routing gate and unresolved mentions > #given an unresolved person mention #when applied #then the prefixed bullet is stored verbatim in monthly notes [447.44ms]

packages/memory-core/src/facts/extraction.test.ts:
(pass) facts extraction JSONL validation > #given valid project and person arms #when parsed #then scope remains a discriminated union [0.35ms]
(pass) facts extraction JSONL validation > #given a project record carrying person #when parsed #then the whole extraction is rejected [0.12ms]
(pass) facts extraction JSONL validation > #given a person record missing person #when parsed #then the whole extraction is rejected [0.06ms]
(pass) atomic facts batch application > #given project and resolved person records #when applied without a people policy #then one notes commit preserves both texts and trailers [473.10ms]
(pass) atomic facts batch application > #given zero applicable records #when applied #then no commit is attempted [233.08ms]
(pass) atomic facts batch application > #given git commit fails after staging #when the batch aborts #then index and working tree are restored [498.99ms]

packages/memory-core/src/facts/queue.test.ts:
(pass) facts queue enqueue > #given a fresh journal delta #when enqueue runs #then one queue file holds the full canonical range [9.03ms]
(pass) facts queue enqueue > #given an identical settle #when enqueue runs again #then the duplicate endpoint is skipped [8.27ms]
(pass) facts queue enqueue > #given a retained entry ending at m2 #when a later settle arrives #then the new range starts strictly after it [11.79ms]
(pass) facts queue enqueue > #given the consumed watermark already covers the endpoint #when enqueue runs #then nothing is published [18.79ms]
(pass) facts queue enqueue > #given only non-canonical trailing entries #when enqueue runs #then no queue file is published [4.54ms]
(pass) #given an aborted drain signal #when enqueue is attempted #then nothing publishes and the cursor stays untouched [8.22ms]
(pass) #given the abort fires at the interior clock hook #when enqueue runs #then nothing publishes and the cursor stays untouched [10.82ms]
(pass) #given the abort fires after the publish lands #when the cursor advance is attempted #then the batch stays retryable with the watermark unmoved [10.03ms]

packages/memory-core/src/facts/extraction-person-aliases.test.ts:
(pass) person routing alias resolution > #given an existing card with a known alias #when a person fact names that alias #then it lands in the card ledger and no new directory appears [539.31ms]
(pass) person routing alias resolution > #given two cards whose aliases both match #when resolved #then the longest matching alias wins [681.49ms]
(pass) person routing alias resolution > #given two cards with equal-length matching aliases #when resolved #then the smallest slug wins and the tie is logged [641.17ms]
(pass) person routing alias resolution > #given the primary human card carries an alias #when a fact names it #then it routes to the human ledger without a new card [579.12ms]

packages/memory-core/src/facts/queue-publication.test.ts:
(pass) facts queue file naming > #given a published entry #when the filename is inspected #then it is colon-free and hashes the conversation id [6.05ms]
(pass) facts queue file naming > #given two publications in the same millisecond #when both land #then the endpoint hash keeps them distinct [11.27ms]
(pass) facts queue concurrency > #given two concurrent enqueue attempts for the same delta #when both run #then exactly one entry is published [34.44ms]

packages/memory-core/src/facts/recovery.test.ts:
(pass) facts path-state recovery ownership > rejects a foreign edit injected immediately before initial pre-state capture [539.03ms]
(pass) facts path-state recovery ownership > rejects tracked worktree drift without changing index or worktree bytes [588.27ms]
(pass) facts path-state recovery ownership > rejects tracked index drift without rewriting either surface [608.23ms]
(pass) facts path-state recovery ownership > rejects foreign creation at a planned new path without deleting it [342.20ms]
(pass) facts path-state recovery ownership > rejects a foreign creation injected after bulk validation and before mutation [432.41ms]
(pass) facts path-state recovery ownership > preserves every path when one member of a multi-path batch is foreign [374.60ms]
(pass) facts path-state recovery ownership > restores owned partial pre/post residue and commits the exact recorded post state [665.50ms]
(pass) facts path-state recovery ownership > durably inserts every pre and post identity before envelope publication [713.28ms]
(pass) facts path-state recovery ownership > publishes a complete blob-backed envelope before the first affected-path mutation [467.60ms]

packages/memory-core/src/facts/queue-watermark.test.ts:
(pass) facts queue watermark monotonicity > #given an older batch settling after a newer one was queued #when it is consumed #then the enqueue watermark never rolls back [23.59ms]
(pass) facts queue watermark monotonicity > #given a late older batch consumed #when the next settle runs #then no range overlapping the retained newer entry is republished [25.14ms]
(pass) facts queue watermark monotonicity > #given a failed batch #when it is retained #then the enqueue watermark does not roll back and the entry survives [12.69ms]
(pass) facts queue watermark monotonicity > #given a queue file that landed without its cursor write #when the next settle runs #then the retained endpoint anchors the range [10.96ms]

packages/memory-core/src/facts/recovery-reservation-finalization.test.ts:
(pass) facts deletion reservation finalization > preserves a foreign directory replacing the verified reservation [746.87ms]
(pass) facts deletion reservation finalization > does not overwrite a newer foreign file while restoring a mismatched claim [790.21ms]
(pass) facts deletion reservation finalization > does not overwrite a newer foreign directory while restoring a mismatched claim [785.97ms]
(pass) facts deletion reservation finalization > preserves a foreign file replacing the verified reservation and returns parent_dirty [779.71ms]

packages/memory-core/src/reminders/reminders.test.ts:
(pass) reminders > #given a clean repo snapshot > #then generateReminders returns no reminders [0.12ms]
(pass) reminders > #given a clean repo snapshot > #then reminderKindFor is null [0.04ms]
(pass) reminders > #given a dirty repo snapshot > #then generateReminders emits a dirty reminder with COMMIT NEEDED text and paths [0.07ms]
(pass) reminders > #given a dirty repo snapshot > #then re-generating with same snapshot does NOT re-emit (dedupe) [0.04ms]
(pass) reminders > #given a dirty repo snapshot > #then after clearing to clean, re-triggering emits again [0.04ms]
(pass) reminders > #given a merge conflict snapshot > #then generateReminders emits a conflict reminder with resolution guidance [0.06ms]
(pass) reminders > #given a merge conflict snapshot > #then dedupe prevents re-emission while conflict persists [0.03ms]
(pass) reminders > #given a rebase conflict snapshot > #then the conflict reminder mentions rebase [0.04ms]
(pass) reminders > #given an unmerged-files conflict snapshot > #then the conflict reminder is emitted (conflict takes priority over dirty) [0.03ms]
(pass) reminders > #given a push-failed snapshot > #then generateReminders emits a push_failed reminder with the reason [0.04ms]
(pass) reminders > #given a push-failed snapshot > #then dedupe prevents re-emission while push remains failed [0.03ms]
(pass) reminders > #given a push-failed snapshot > #then a different failure reason re-emits (condition-key includes reason) [0.04ms]
(pass) reminders > #given conflict + dirty + push_failed simultaneously > #then conflict takes priority over dirty (single highest-priority reminder) [0.03ms]
(pass) reminders > #given aheadCount with no push failure > #then no push_failed reminder (ahead without failure is not a failure) [0.03ms]
(pass) reminders > #given a dirty snapshot then clean then dirty with different paths > #then re-triggering with different paths re-emits after clear [0.04ms]
(pass) reminders > #given state persistence across calls > #then the same state object tracks emitted conditions across multiple generate calls [0.05ms]
(pass) reminders > #given reminder has stable machine key > #then Reminder.kind values are the expected union [0.04ms]

packages/memory-core/src/git/exec.test.ts:
(pass) createNodeGitExec > #given a spawn cwd that does not exist > #when git runs #then it does NOT report git as missing from PATH [0.82ms]
(pass) createNodeGitExec > #given a spawn cwd that does not exist > #when the bare runner reports the missing-cwd result #then Windows fallbacks are not attempted [0.13ms]
(pass) createNodeGitExec > #given a cwd that exists but no git binary on PATH > #when git runs #then GitNotFoundError fires [0.28ms]
(pass) createNodeGitExec > #given Git resolves on PATH #when Windows roots exist #then bare Git keeps precedence [0.08ms]
(pass) createNodeGitExec > #given a non-Windows platform and missing Git #when git runs #then Windows roots are not attempted [0.08ms]
(pass) createNodeGitExec > #given bare Git reports GitNotFoundError caused by EACCES #when Windows roots exist #then the error propagates without fallback [0.07ms]
(pass) createNodeGitExec > #given bare Git reports GitNotFoundError caused by EPERM #when Windows roots exist #then the error propagates without fallback [0.05ms]
(pass) createNodeGitExec > #given bare Git reports GitNotFoundError caused by EIO #when Windows roots exist #then the error propagates without fallback [0.04ms]
(pass) createNodeGitExec > #given UNC, device-prefix, and root-relative roots #when fallback runs #then only a drive-qualified local root is attempted [0.17ms]
(pass) createNodeGitExec > #given distinct standard roots #when every executable is absent #then candidates are attempted in deterministic order [0.09ms]
(pass) createNodeGitExec > #given duplicate standard roots #when fallback runs #then equivalent candidates are attempted once [0.07ms]
(pass) createNodeGitExec > #given the first fallback executable disappears #when its spawn yields ENOENT #then the next candidate is attempted [0.08ms]
(pass) createNodeGitExec > #given a fallback reports GitNotFoundError caused by EACCES #when fallback runs #then the error propagates without trying later candidates [0.07ms]
(pass) createNodeGitExec > #given a fallback reports GitNotFoundError caused by EPERM #when fallback runs #then the error propagates without trying later candidates [0.04ms]
(pass) createNodeGitExec > #given a fallback reports GitNotFoundError caused by EIO #when fallback runs #then the error propagates without trying later candidates [0.05ms]
(pass) createNodeGitExec > #given a fallback spawn EACCES #when fallback runs #then the error propagates without trying later candidates [0.07ms]
(pass) createNodeGitExec > #given a fallback spawn EPERM #when fallback runs #then the error propagates without trying later candidates [0.05ms]
(pass) createNodeGitExec > #given a fallback spawn EIO #when fallback runs #then the error propagates without trying later candidates [0.04ms]
(pass) createNodeGitExec > #given a fallback timeout #when fallback runs #then the timeout propagates without trying later candidates [0.09ms]
(pass) createNodeGitExec > #given a fallback nonzero result #when fallback runs #then the result returns without trying later candidates [0.07ms]
(pass) createNodeGitExec > #given stdin #when real Git runs #then bytes are piped and existing argv handling is unchanged [22.39ms]
(pass) createNodeGitExec > #given stdin and a Windows fallback #when bare Git is absent #then stdin reaches the fallback runner [0.16ms]
(pass) createNodeGitExec > #given bare Git fails with a non-ENOENT error #when Windows roots exist #then the error propagates without fallback [0.08ms]

packages/memory-core/src/git/repo.test.ts:
(pass) GitMemoryRepo > #given a committed HEAD with a fixed committer date #when timestamp is read #then epoch seconds are returned [215.80ms]
(pass) GitMemoryRepo > #given a new repository #when it is initialized and a write is committed #then HEAD advances to the committed content [306.37ms]
(pass) GitMemoryRepo > #given no effective path changes #when commitWrite runs #then it throws a typed no-change error [246.41ms]
(pass) GitMemoryRepo > #given unrelated uncommitted files #when cleanCheck runs #then it rejects with the porcelain listing [178.42ms]
(pass) GitMemoryRepo > #given a UTF-16 markdown file is dirty #when cleanCheck runs #then its encoding problem is readable [229.86ms]
(pass) GitMemoryRepo > #given local identity overrides #when init reconciles config #then email is preserved and agent identity is updated [228.34ms]
(pass) GitMemoryRepo > #given commit signing is explicitly enabled locally #when init reconciles config #then the override is preserved [178.26ms]
(pass) GitMemoryRepo > #given conflicting local identity #when a tool write commits #then explicit author flags control attribution [310.30ms]
(pass) GitMemoryRepo > #given commits with bodies and changed paths #when log reads history #then metadata trailers ranges filters and optional paths are parsed newest-first [436.34ms]
(pass) GitMemoryRepo > #given a reflection worktree commit #when it is merged no-ff #then the parent exposes the content and removes the worktree [387.26ms]

packages/memory-core/src/git/path-state.test.ts:
(pass) GitPathStateStore > captures stage-zero index and raw worktree identities independently [347.94ms]
(pass) GitPathStateStore > captures and restores executable modes [337.52ms]
(pass) GitPathStateStore > hashes and writes blobs both raw and through path filters [316.44ms]
(pass) GitPathStateStore > sets and removes index entries without changing the worktree [342.08ms]
(pass) GitPathStateStore > atomically materializes and removes worktree files idempotently [230.36ms]
(pass) GitPathStateStore > rejects traversal, worktree symlinks, and index symlinks [235.93ms]
(pass) GitPathStateStore > rejects unmerged entries [341.49ms]
(pass) GitPathStateStore > rejects unsupported index modes [212.99ms]

packages/memory-core/src/git/config-lock.test.ts:
(pass) serialized git config > #given transient config.lock failures #when a mutation runs #then it retries with bounded backoff [77.53ms]
(pass) serialized git config > #given two concurrent configSet calls #when they mutate one repo #then their git config processes do not overlap [232.56ms]

packages/memory-core/src/reflection/reservation.test.ts:
(pass) persisted reflection reservation > #given an aborted signal #when reservation starts #then active and pending state remain empty [5.69ms]
(pass) persisted reflection reservation > #given journal state at threshold #when the persisted machine evaluates a successful settle #then it captures and reserves the cursor snapshot [11.58ms]
(pass) persisted reflection reservation > #given a new active reservation #when it is published #then launch-owner identity and reservation time are durable in the same record [6.39ms]
(pass) persisted reflection reservation > #given simultaneous trigger requests #when reserved #then one becomes active and all others collapse into one atomic pending record [47.22ms]
(pass) persisted reflection reservation > #given dream outcomes #when runs complete #then dream state advances only for merged and no_changes [29.83ms]
(pass) persisted reflection reservation > #given a failed active run #when completed #then its cursor is unchanged and valid pending work is promoted [17.45ms]
(pass) persisted reflection reservation > #given successful compaction-triggered work #when completed #then its snapshot advances and the compaction flag clears exactly once [14.20ms]
(pass) persisted reflection reservation > #given a pending threshold request made stale by successful cursor advancement #when dequeued #then it is dropped [16.48ms]
(pass) persisted reflection reservation > #given automatic pending work below its threshold #when dequeued #then it is dropped but a manual pending request remains launchable [23.30ms]

packages/memory-core/src/reflection/machine.test.ts:
(pass) reflection trigger machine > #given a successful settle at the configured step threshold #when evaluated #then it requests a step-count reservation [0.17ms]
(pass) reflection trigger machine > #given zero or undefined thresholds #when a successful run settles #then step count never launches [0.06ms]
(pass) reflection trigger machine > #given an aborted or failed run #when it settles #then no automatic trigger launches [0.04ms]
(pass) reflection trigger machine > #given compaction was accepted #when several successful boundaries settle #then its reservation is emitted exactly once [0.07ms]
(pass) reflection trigger machine > #given an active threshold run #when compaction and manual requests arrive #then one pending slot unions conversations and preserves manual priority [0.08ms]
(pass) reflection trigger machine > #given reflection and dream requests #when they compete for one pending slot #then the specified priority order and newest tie winner are preserved [0.09ms]
(pass) reflection trigger machine > #given two dream requests during an active reflection #when they merge #then one pending dream unions snapshots and the newest equal-priority request wins [0.08ms]
(pass) reflection trigger machine > #given interleaved reflection and dream requests #when every bounded event sequence is applied #then at most one active and one pending run exist [0.42ms]
(pass) reflection trigger machine > #given every completion outcome #when the active run completes #then only merged and no_changes advance its captured cursor [0.09ms]
(pass) reflection trigger machine > #given a failed active run and a queued request #when completed #then the cursor stays unmoved and pending is promoted [0.06ms]
(pass) reflection trigger machine > #given pending automatic work became stale #when dequeued #then it is dropped, while manual work survives [0.08ms]

packages/memory-core/src/reflection/completion-validation.test.ts:
(pass) reflection completion validation > #given an uncommitted worktree edit #when finalized #then it reports dirty_uncommitted and cleans up [314.23ms]
(pass) reflection completion validation > #given the linked-worktree .git administration file is altered #when finalized #then validation fails and cleans up [296.19ms]

packages/memory-core/src/reflection/worktree.test.ts:
(pass) reflection worktree finalization > #given recorded identity before Git creation #when cleanup runs #then missing resources are idempotently confirmed absent [293.90ms]
(pass) reflection worktree finalization > #given a precreate callback #when a worktree is created #then identity is published before Git resources exist [258.13ms]
(pass) reflection worktree finalization > #given a clean committed reflection #when auto-finalized #then it no-ff merges and cleans up [594.02ms]
(pass) reflection worktree finalization > #given a document-maintenance allowlist #when the child changes another path #then nothing is merged [592.37ms]
(pass) reflection worktree finalization > #given a reflection with no commits #when finalized #then it reports no_changes and cleans up [384.74ms]
(pass) reflection worktree finalization > #given conflicting child and parent commits #when auto-finalized #then merge aborts cleanly and cleanup always runs [679.07ms]
(pass) reflection worktree finalization > #given a dirty parent #when auto-finalized #then it refuses before merge and cleans up [507.77ms]
(pass) reflection worktree finalization > #given a non-conflicting parent advance after launch #when auto-finalized #then recorded-base drift merges successfully [647.18ms]
(pass) reflection worktree finalization > #given an externally merged reflection branch #when explicit finalization verifies reachability #then it reports merged and cleans up [518.84ms]

packages/memory-core/src/reflection/worktree-integration.test.ts:
(pass) reflection worktree integration > #given a validated tip #when auto integration lands #then it creates a no-ff receipt without cleaning resources [512.57ms]
(pass) reflection worktree integration > #given legacy auto receipts #when probed without a validated tip #then only the exact trailer is accepted [397.00ms]
(pass) reflection worktree integration > #given a landed auto merge #when probed #then exact receipt and validated-tip ancestry prove integration [554.33ms]
(pass) reflection worktree integration > #given a matching receipt that excludes the validated tip #when probed #then it is rejected [479.49ms]
(pass) reflection worktree integration > #given a non-exact receipt on an integrated tip #when auto mode probes #then only ancestry is accepted [514.92ms]
(pass) reflection worktree integration > #given external integration without a receipt #when either mode probes #then ancestry proves integration [560.74ms]
(pass) reflection worktree integration > #given an owned interrupted merge #when auto integration retries #then it aborts that merge and lands one clean merge [566.20ms]
(pass) reflection worktree integration > #given foreign merge residue #when auto integration runs #then parent index and merge state remain untouched [715.43ms]
(pass) reflection worktree integration > #given present then absent resources #when cleanup repeats #then both receipts confirm absence [399.87ms]

packages/memory-core/src/reflection/assets/assets.test.ts:
(pass) dream persona asset > #given the dream persona asset #when loaded through assets.ts #then it resolves non-empty with parsed sections [0.26ms]
(pass) dream persona asset > #given the source asset and the packaged plugin copy #when both are read #then they are identical [0.11ms]
(pass) reflection persona asset > #given the persona asset #when sections are parsed #then exactly the five phase headings are present by name [0.13ms]
(pass) reflection persona asset > #given the persona asset #when op-menu tokens are located #then they appear in preference order ending with the unsure-none heuristic [0.12ms]
(pass) reflection persona asset > #given the commit-contract section #when trailer keys are parsed #then they equal exactly Generated-By and Agent-ID [0.15ms]
(pass) reflection persona asset > #given the documented example commit message #when matched against the reflection-commit regex #then it matches [0.10ms]

 481 pass
 0 fail
 4086 expect() calls
Ran 481 tests across 60 files. [75.38s]
bun test v1.4.0-canary.1 (b58cd4685)

packages/omo-senpi/src/omo-native-capture-path.audit.test.ts:
(pass) OmO Native telemetry capture path > #given every native telemetry module #when direct transport calls are scanned #then only the validated forwarding boundary is sanctioned [2.33ms]
(pass) OmO Native telemetry capture path > #given a new direct transport capture outside the boundary #when the audit scans it #then the bypass is rejected [0.51ms]

packages/omo-senpi/src/package-shape.test.ts:
(pass) omo-senpi package shape > #given the senpi adapter manifest #when audited #then it declares the package contract [0.43ms]
(pass) omo-senpi package shape > #given the packaged senpi plugin manifest #when audited #then license and notice files ship with generated artifacts [0.22ms]
(pass) omo-senpi package shape > #given root workspace metadata #when audited #then the senpi adapter is registered [0.19ms]

packages/omo-senpi/src/bundle-size.test.ts:
(pass) omo-senpi bundle size budget > #given the built extension #when its byte size is measured #then it stays within the documented byte budget [0.12ms]

packages/omo-senpi/src/runtime-package.test.ts:
(pass) Senpi LSP daemon runtime staging > #given daemon build outputs #when staged #then manifest pins sorted outputs and verifies [10.56ms]
(pass) Senpi LSP daemon runtime staging > #given a tampered staged output #when verified #then manifest mismatch is rejected [7.91ms]
(pass) Senpi LSP daemon runtime staging > #given an existing staged runtime #when replacement fails after backup #then prior bytes are restored [7.28ms]

packages/omo-senpi/src/plugin-manifest.test.ts:
(pass) OMO Senpi plugin manifest > #given a Pi package manifest #when loaded #then it points at exactly one bundled extension and skills directory [0.21ms]
(pass) OMO Senpi plugin manifest > #given the Senpi package is one generated runtime unit #when loaded #then npm dependency and workspace surfaces stay absent [0.08ms]
(pass) OMO Senpi plugin manifest > #given package metadata #when loaded #then Pi discoverability and shipped files are pinned [0.11ms]
(pass) OMO Senpi plugin manifest > #given root and adapter versions #when compared #then the plugin manifest stays in lockstep [0.19ms]

packages/omo-senpi/src/skills-sync.test.ts:
(pass) OMO Senpi scoped skill sync > #given the telemetry builtin skill allowlist #when compared with packaged skills #then it stays exact and frozen [0.28ms]
(pass) OMO Senpi scoped skill sync > #given synced skill output #when inspected #then exactly 20 roots exist with valid names [0.35ms]
(pass) OMO Senpi scoped skill sync > #given synced skill roots #when frontmatter is parsed #then every root skill has name, description, and valid values [3.68ms]
(pass) OMO Senpi scoped skill sync > #given codex-derived and native skill roots #when scanned #then no Codex or multi-agent harness guidance survives [1.39ms]
(pass) OMO Senpi scoped skill sync > #given native senpi skills #when synced output is compared #then they ship verbatim modulo blank-line normalization and carry no compatibility banner [0.89ms]
(pass) OMO Senpi scoped skill sync > #given shared skill roots with opencode orchestration #when inspected #then a Senpi compatibility section precedes the first example [0.63ms]
(pass) OMO Senpi scoped skill sync > #given start-work skill #when inspected #then session ids reference senpi, not codex [0.12ms]
(pass) OMO Senpi scoped skill sync > #given start-work skill #when inspected #then the senpi banner advertises senpi watcher tools, not a codex wait idiom [0.10ms]
(pass) OMO Senpi scoped skill sync > #given synced skill tree #when inspected #then no codex-only display metadata is packaged [2.63ms]
(pass) OMO Senpi scoped skill sync > #given ported orchestration skills #when scanned #then no foreign-harness delegation guidance survives [0.79ms]
(pass) OMO Senpi scoped skill sync > #given frontend skill #when inspected #then materialized design references exist [0.05ms]

packages/omo-senpi/src/senpi-main-runtime-import-audit.test.ts:
(pass) #given omo-senpi source #when imports are audited #then the main Senpi entry is type-only [27.06ms]

packages/omo-senpi/src/runtime-dependency-resolution.test.ts:
(pass) omo-senpi local-path runtime dependencies > #given a symlinked plugin without host hoisting #when Node imports its runtime dependencies #then each resolves from the real path [112.34ms]

packages/omo-senpi/src/bundle-purity.test.ts:
(pass) omo-senpi bundle purity > #given the senpi loader aliases #when tested #then the shared build constant pins all 19 peers [0.14ms]
(pass) omo-senpi bundle purity > #given a built extension #when static imports are inspected #then only senpi peers and node builtins remain external [2.11ms]

packages/omo-senpi/src/extension-node-runtime-audit.test.ts:
(pass) #given shipped extension sources #when scanned for Bun-only module-location APIs #then none appear [34.91ms]

packages/omo-senpi/src/install/cli-local.test.ts:
(pass) cli-local > #given isolated agent dir #when install then uninstall are invoked #then stdout is one-line JSON and settings round-trip [94.05ms]
(pass) cli-local > #given invalid positional arg #when invoked #then it exits non-zero with one-line JSON error [48.84ms]

packages/omo-senpi/src/install/install-senpi-refresh.test.ts:
(pass) runSenpiInstaller source refresh > #given complete generated artifacts #when installing from source #then every build step still refreshes them [3.67ms]
(pass) runSenpiInstaller source refresh > #given an older local OMO package entry #when installing the current source #then the stale package is replaced [1.96ms]
(pass) runSenpiInstaller source refresh > #given current and stale OMO entries #when refreshing #then the current package keeps its precedence [1.62ms]

packages/omo-senpi/src/install/local-launcher.test.ts:
(pass) local omo launcher > #given a sibling-store install > #when the launcher is rendered > #then it hands the engine the same product identity as the published launcher [0.26ms]
(pass) local omo launcher > #given a sibling-store install > #when it is installed > #then it lands executable on the user's PATH directory [0.68ms]
(pass) local omo launcher > #given a sibling-store install > #when it is installed > #then reinstalling is idempotent [0.48ms]
(pass) local omo launcher > #given a sibling-store install > #when it is installed > #then a foreign file at that path is never overwritten [0.42ms]
(pass) local omo launcher > #given a sibling-store install > #when it is uninstalled > #then only a generated launcher is removed [0.46ms]
(pass) local omo launcher > #given a sibling-store install > #when it is uninstalled > #then a foreign file survives [0.40ms]

packages/omo-senpi/src/install/install-senpi.test.ts:
(pass) runSenpiInstaller > #given temp SENPI_CODING_AGENT_DIR #when installing twice #then it writes one absolute plugin package entry and creates backups [11.26ms]
(pass) runSenpiInstaller > #given existing user settings #when installing #then unrelated values are preserved and package entries are deduped [8.38ms]
(pass) runSenpiInstaller > #given legacy goal and webfetch packages #when installing #then builtin-shadowing entries are removed [7.86ms]
(pass) runSenpiInstaller > #given a Windows packed runtime with a POSIX manifest mode #when installing #then matching content passes integrity [8.46ms]
(pass) runSenpiInstaller > #given a POSIX packed runtime with a mismatched manifest mode #when installing #then integrity fails [7.49ms]
(pass) runSenpiInstaller > #given packed ast-grep runtime differs from its manifest #when installing #then integrity failure leaves settings unchanged [7.48ms]
(pass) runSenpiInstaller > #given packed ast-grep runtime missing its manifest #when installing #then integrity failure leaves settings unchanged [8.29ms]
(pass) runSenpiInstaller > #given a packed plugin missing the run supervisor #when installing #then artifact validation fails before settings change [6.94ms]
(pass) runSenpiInstaller > #given a packed plugin missing the dream persona #when installing #then artifact validation fails before settings change [7.05ms]
(pass) runSenpiInstaller > #given packed plugin missing runtime #when installing #then settings stay unchanged and no backup is written [6.41ms]
(pass) runSenpiUninstaller > #given mixed package settings #when uninstalling #then only the omo-senpi plugin path is removed [11.12ms]

packages/omo-senpi/src/extension/idle-injection-coordinator.test.ts:
(pass) IdleInjectionCoordinator > #given hidden metadata #when flushed #then one merged custom message preserves it [0.30ms]
(pass) IdleInjectionCoordinator > #given a completion and a continuation on one idle edge #when flushed #then exactly one injection is delivered in deterministic order [0.12ms]
(pass) IdleInjectionCoordinator > #given one task completion on an idle edge #when flushed #then it steers immediately [0.10ms]
(pass) IdleInjectionCoordinator > #given two task completions on one idle edge #when flushed #then one steer carries both [0.08ms]
(pass) IdleInjectionCoordinator > #given repeated continuation enqueues #when flushed #then they collapse to one keyed injection [0.07ms]
(pass) IdleInjectionCoordinator > #given a queued injection #when removed by key #then the flush no-ops and removal reports true only once [0.07ms]
(pass) IdleInjectionCoordinator > #given an empty queue #when flushed #then nothing is delivered [0.06ms]
(pass) IdleInjectionCoordinator > #given a deferred scheduleFlush #when the scheduler runs it #then delivery happens on the idle tick, not synchronously [0.10ms]
(pass) IdleInjectionCoordinator > #given a deferred continuation #when a synchronous wake flushOnIdle drains first #then the deferred pass no-ops [0.07ms]
(pass) IdleInjectionCoordinator > #given repeated scheduleFlush requests before the deferred pass #when scheduled #then they coalesce to one flush [0.08ms]
(pass) IdleInjectionCoordinator > #given an async delivery rejection #when the queue flushes #then the producer receives a failure receipt and onFlushed does not run [0.14ms]
(pass) IdleInjectionCoordinator > #given an injection callback w2lead #when the queue flushes #then onFlushed runs synchronously after delivery returns [0.05ms]

packages/omo-senpi/src/extension/toolkit-path-provisioning.test.ts:
(pass) toolkit path provisioning > #given the toolkit directory exists > #when provisioning runs with a bare PATH and no preset toolkit bin > #then prepends the dir as the leading PATH entry and sets OMO_AGENT_TOOLKIT_BIN to cli.js [0.63ms]
(pass) toolkit path provisioning > #given the toolkit directory exists > #when OMO_AGENT_TOOLKIT_BIN is already set > #then keeps the preset value and still prepends the toolkit dir to PATH [0.52ms]
(pass) toolkit path provisioning > #given the toolkit directory exists > #when OMO_AGENT_TOOLKIT_BIN is set to an empty string > #then treats it as unset and points it at cli.js [0.43ms]
(pass) toolkit path provisioning > #given the toolkit directory exists > #when provisioning runs twice > #then PATH holds exactly one toolkit entry and it stays leading [0.43ms]
(pass) toolkit path provisioning > #given the toolkit directory is absent > #when provisioning runs > #then leaves the environment byte-identical [0.29ms]

packages/omo-senpi/src/extension/index.test.ts:
omo-senpi memory component skipped: missing ExtensionAPI capabilities {
  missing: [ "appendEntry", "registerEntryRenderer" ],
}
config-watch skipped: events capability missing undefined
(pass) omo-senpi extension entry > #given the real extension entry #when registered with a fake API #then configured components are wired [6.40ms]
omo-senpi memory component skipped: missing ExtensionAPI capabilities {
  missing: [ "appendEntry", "registerEntryRenderer" ],
}
config-watch skipped: events capability missing undefined
(pass) omo-senpi extension entry > #given open todo state #when ordinary input arrives #then the extension does not inject continuity guidance [2.88ms]
(pass) omo-senpi extension entry > #given config-watch disabled by flag #when composed #then it emits no registration and no warning [0.21ms]

packages/omo-senpi/src/extension/types.test.ts:
(pass) SenpiExtensionAPI appendEntry > appendEntry is an optional member of SenpiExtensionAPI [0.11ms]

packages/omo-senpi/src/extension/idle-injection-wiring.test.ts:
(pass) idle-injection wiring: real producers on one idle edge > #given a ulw continuation then a task-completion wake on one idle edge #when both fire #then exactly one injection is delivered [0.68ms]

packages/omo-senpi/src/extension/tool-capture-registry.test.ts:
(pass) tool capture registry > #given components register tools #when captured #then every injected tool exposes a callable execute [0.24ms]
(pass) tool capture registry > #given captured tools #when filtered for a child #then lsp tools remain but the task/team family is excluded [0.14ms]
(pass) tool capture registry > #given a non-tool value #when registered #then it is not captured but still forwarded [0.08ms]

packages/omo-senpi/src/extension/compose.test.ts:
(pass) composeOmoSenpiExtension > #given enabled components #when composed and an event dispatches #then registers flags components and drives fake handlers [0.31ms]
omo-senpi component disabled by flag {
  component: "beta",
}
(pass) composeOmoSenpiExtension > #given one component disabled by flag #when composed #then skips exactly that component [0.16ms]
(pass) composeOmoSenpiExtension > #given a component throws #when composed #then logs the error and registers later components [0.20ms]
(pass) composeOmoSenpiExtension > #given a component using optional registerMcpServer on an old API #when composed #then skips that component and registers later components [0.16ms]
(pass) composeOmoSenpiExtension > #given a fake missing sendMessage #when composed #then logs one version mismatch and registers nothing [0.11ms]

packages/omo-senpi/src/extension/session-start-ordering.test.ts:
(pass) session_start component ordering > #given the production component list #when startup handlers are ordered #then onboarding immediately precedes the advisor after native badge [0.18ms]
(pass) session_start component ordering > #given real onboarding state and an active ulw loop #when startup then agent_end fire #then onboarding is preserved and the first-session advisor stays detached and suppressed [117.33ms]

packages/omo-senpi/src/mcp/memory-server.test.ts:
(pass) omo-memory MCP server > #given initialize #then server info and tool capabilities are returned [0.24ms]
(pass) omo-memory MCP server > #given tools/list #then exactly the two memory tools are exposed [0.10ms]
(pass) omo-memory MCP server > #given a fresh project #when create then str_replace run through tools/call #then the memory repo records them [925.72ms]
(pass) omo-memory MCP server > #given injected provenance for a non-auto identity #when an MCP memory call runs #then it writes that bound repo with durable turn trailers [345.51ms]
(pass) omo-memory MCP server > #given injected provenance with a toolCallId #when an MCP memory call commits #then an out-of-band receipt lands under runtime/tool-receipts [274.57ms]
(pass) omo-memory MCP server > #given no injected toolCallId #when an MCP memory call commits #then no receipt is written [718.69ms]
(pass) omo-memory MCP server > #given a failing MCP memory call with a toolCallId #when the call errors #then no receipt is written [187.26ms]
(pass) omo-memory MCP server > #given an unknown tool name #when called #then an error result is returned [0.26ms]

packages/omo-senpi/src/components/ast-grep/index.test.ts:
(pass) createAstGrepComponent > #given a staged runtime in a parent session #when registered #then declares the Anthropic-safe _ast_grep MCP server [0.75ms]
(pass) createAstGrepComponent > #given a staged runtime in a child session #when registered #then declares the Anthropic-safe _ast_grep MCP server [0.39ms]
(pass) createAstGrepComponent > #given OMO_AST_GREP_PROJECT_CWD #when registered #then passes the explicit project cwd through [0.42ms]
(pass) createAstGrepComponent > #given the staged entry is absent #when registered #then skips cleanly and warns [0.13ms]

packages/omo-senpi/src/components/config-startup/index.test.ts:
(pass) runSenpiStartupMigration > #given both legacy source groups without an OpenCode boot #when Senpi starts #then the core migration engine migrates both into the unified config [4.85ms]
(pass) runSenpiStartupMigration > #given OpenCode and Senpi race on the first legacy migration #when Senpi holds the injected core lock #then exactly one caller migrates [0.84ms]
(pass) createConfigStartupComponent > #given migration results and config diagnostics #when session_start captures a UI #then it reports both once through that UI [0.19ms]
(pass) createConfigStartupComponent > #given a migration target with a conflicting legacy value #when session_start captures a UI #then it reports the skipped-conflict diagnostic once [0.60ms]
(pass) createConfigStartupComponent > #given config diagnostics without a UI #when session_start fires #then it logs a single fallback warning [0.10ms]

packages/omo-senpi/src/components/memory/tool-surface.test.ts:
(pass) registerMemoryToolSurface > #given the default surface > #when the host supports MCP servers #then the tools STILL register directly [0.21ms]
(pass) registerMemoryToolSurface > #given the explicit search exposure opt-in > #when the host supports MCP servers #then the server registers enabled with search exposure [0.09ms]
(pass) registerMemoryToolSurface > #given the explicit search exposure opt-in > #when the host lacks registerMcpServer #then direct registration is the fallback [0.05ms]

packages/omo-senpi/src/components/memory/dream-trigger.test.ts:
(pass) resolveDreamTriggerSettings > #given base dream settings #when no agent override exists #then the base values resolve [0.23ms]
(pass) resolveDreamTriggerSettings > #given a per-agent dream override #when resolving #then overridden fields win and the rest inherit [0.07ms]
(pass) evaluateDreamGates > #given every gate failing #when the origin is manual #then the gates are bypassed without probing [0.13ms]
(pass) evaluateDreamGates > #given dream disabled #when an idle origin evaluates #then it is rejected before probing [0.06ms]
(pass) evaluateDreamGates > #given shutdown_launch disabled #when a shutdown origin evaluates #then it is rejected before probing [0.06ms]
(pass) evaluateDreamGates > #given the last dream exactly min_hours_between ago #when an idle origin evaluates #then the spacing gate rejects without a volume probe [0.08ms]
(pass) evaluateDreamGates > #given the last dream one millisecond past min_hours_between #when an idle origin evaluates #then it is allowed [0.07ms]
(pass) evaluateDreamGates > #given no recorded dream #when an idle origin evaluates #then the spacing gate passes [0.05ms]
(pass) evaluateDreamGates > #given unreflected volume exactly at the floor #when an idle origin evaluates #then the volume gate rejects [0.06ms]
(pass) evaluateDreamGates > #given unreflected volume one byte above the floor #when a shutdown origin evaluates #then it is allowed [0.05ms]

packages/omo-senpi/src/components/memory/capabilities.test.ts:
(pass) missingMemoryCapabilities > #given the real memory persistence surface #when checked #then no capability is missing [0.11ms]
(pass) missingMemoryCapabilities > #given the base fake without custom-entry APIs #when checked #then both required capabilities are reported [0.05ms]

packages/omo-senpi/src/components/memory/skills-usage-tracker.test.ts:
(pass) SkillsUsageTracker > #given a read of skills/foo/SKILL.md #when recordRead is called then flushed #then foo.count is 1 [6.28ms]
(pass) SkillsUsageTracker > #given a non-skill read #when recordRead is called then flushed #then ledger is empty [1.37ms]
(pass) SkillsUsageTracker > #given multiple reads of the same skill before flush #when flushed #then count reflects all reads [5.14ms]
(pass) SkillsUsageTracker > #given reads of multiple skills #when flushed #then all skills are present [5.42ms]

packages/omo-senpi/src/components/memory/skills-usage.test.ts:
(pass) extractSkillId > #given a path inside skills/foo #when extracted #then returns the skill id [0.94ms]
(pass) extractSkillId > #given a path inside notes #when extracted #then returns undefined [0.71ms]
(pass) extractSkillId > #given a path outside the repo #when extracted #then returns undefined [0.68ms]
(pass) incrementSkillUsage > #given a fresh ledger #when incrementing skill foo #then count is 1 and lastUsedAt is set [4.51ms]
(pass) incrementSkillUsage > #given an existing ledger with count 1 #when incrementing foo again #then count is 2 [7.87ms]
(pass) incrementSkillUsage > #given non-skill reads #when checking the ledger #then no entries are created [3.96ms]
(pass) incrementSkillUsage > #given concurrent two-session interleaving #when both sessions increment different skills under lock #then no increment is lost [14.43ms]
(pass) incrementSkillUsage > #given two sessions incrementing the SAME skill concurrently #when both acquire the lock serially #then count is 2 (no lost update) [34.93ms]

packages/omo-senpi/src/components/memory/facts-runner-people.test.ts:
(pass) people routing gate > #given default people settings #when a person record is applied #then it routes to the person ledger with a new card [751.46ms]
(pass) people routing gate > #given people routing disabled #when a person record is applied #then it falls back to monthly notes [683.36ms]

packages/omo-senpi/src/components/memory/sandbox.test.ts:
(pass) reflection worker OS sandbox > #given the real Darwin seatbelt #when a child writes inside the worktree and its parent repo #then only the worktree write succeeds [32.33ms]
(pass) reflection worker OS sandbox > #given Darwin payloads and a foreign agent root #when the profile is generated #then payload reads and network remain allowed while foreign reads are denied [1.09ms]
(pass) reflection worker OS sandbox > #given the Darwin profile #when git-shell children run inside it #then device nodes they stream through stay writable [0.76ms]
(pass) reflection worker OS sandbox > #given Linux with bwrap available #when spawn arguments are transformed #then the root is read-only while worktree and git state are rebound writable [0.75ms]
(pass) reflection worker OS sandbox > #given required policy without a platform sandbox #when the transform is built #then a typed unavailable error is thrown [0.67ms]
(pass) reflection worker OS sandbox > #given auto policy without a platform sandbox #when spawn arguments are transformed #then they pass through with an explicit warning [0.68ms]
(pass) reflection worker OS sandbox > #given off policy #when the transform is built and used #then detection is skipped and spawn arguments pass through [0.63ms]
(pass) facts worker OS sandbox > #given Linux with bwrap available #when facts spawn arguments are transformed #then only the run directory is rebound writable [0.67ms]

packages/omo-senpi/src/components/memory/index.test.ts:
(pass) createMemoryComponent > #given missing custom-entry capabilities #when registered #then it warns once and registers nothing [0.25ms]
(pass) createMemoryComponent > #given no memory section #when config resolves #then memory defaults enabled with the auto identity [0.10ms]
(pass) createMemoryComponent > #given no memory key in config #when resolved through adapter fallback #then it matches parsing {} through the schema [0.07ms]
(pass) createMemoryComponent > #given disabled config or a global/component disable flag #when registered #then the host registration surface is byte-identical [0.08ms]
(pass) createMemoryComponent > #given enabled memory #when session_start binds an auto identity #then it appends a hidden binding and performs no filesystem writes [4.86ms]
(pass) createMemoryComponent > #given a resumed session bound to another identity #when session_start resolves fresh config #then it notifies an error and fails closed without rebinding [0.39ms]
(pass) createMemoryComponent > #given enablement latched false or true at session_start #when config reload flips it #then registration stays fixed and restart notice appears once [2.49ms]
(pass) createMemoryComponent > #given per-instance module state #when session_shutdown fires #then the identity context and supervisor reference are released [2.61ms]
(pass) createMemoryComponent > #given a stale footer #when session start exits disabled or conflicted #then the status is cleared first [0.59ms]

packages/omo-senpi/src/components/memory/prompt.test.ts:
(pass) MEMORY_PROMPT_TEMPLATE > #given the compiled-block cache key #when the template id is read #then it is the v2 soul template [0.12ms]
(pass) createMemoryPromptHandler > #given an unbound or disabled session #when before_agent_start dispatches #then the handler returns undefined and never touches the repo [198.08ms]
(pass) createMemoryPromptHandler > #given an event context without a session manager #when before_agent_start dispatches #then the handler returns undefined [193.29ms]
(pass) createMemoryPromptHandler > #given a bound identity #when before_agent_start dispatches #then the prompt gains a sentinel block with identity, session, and branch metadata [228.69ms]
(pass) createMemoryPromptHandler > #given nudge state at the threshold #when before_agent_start compiles #then the memory metadata carries the behavioral nudge token [234.20ms]
(pass) createMemoryPromptHandler > #given a reflection soul notice #when before_agent_start compiles #then the memory metadata carries the soul token and short sha [248.98ms]
(pass) createMemoryPromptHandler > #given an out-of-band soul commit #when the prompt compiles repeatedly at the same HEAD #then the soul line appears exactly once [448.23ms]
(pass) createMemoryPromptHandler > #given another extension already rewrote the system prompt #when the handler runs #then the foreign text survives and the block is appended [229.23ms]
(pass) createMemoryPromptHandler > #given an unchanged HEAD #when the handler runs twice #then HEAD is re-checked each run while the block compiles once [238.29ms]
(pass) createMemoryPromptHandler > #given a commit between runs #when the next dispatch happens #then the new content appears while the prior result keeps the old content [360.27ms]
(pass) createMemoryPromptHandler > #given a prompt already carrying our sentinel block #when the handler runs #then the block is replaced, not duplicated [247.69ms]

packages/omo-senpi/src/components/memory/dream-trigger-manual.test.ts:
(pass) manual dream origin > #given a fresh sub-floor transcript and a recent dream #when a manual dream is requested #then it launches past every gate [8.71ms]
(pass) manual dream origin > #given dream disabled #when a manual dream is requested #then it still launches [7.32ms]
(pass) manual dream origin > #given explicit conversation ids #when a manual dream is requested #then those conversations are reserved [6.21ms]
(pass) manual dream origin > #given no unreflected content anywhere #when a manual dream is requested #then it declines to reserve [3.12ms]
(pass) dream reservation integration > #given an active reflection run #when the idle timer fires #then the dream queues as pending and does not launch [15.26ms]

packages/omo-senpi/src/components/memory/facts-runner-locking.test.ts:
(pass) deterministic facts writer-lock interleavings > #given the lock releases through the injected retry boundary #when finalization retries #then the batch commits and the queue empties [673.66ms]
(pass) deterministic facts writer-lock interleavings > #given the lock remains held for all three attempts #when finalization exhausts retries #then no commit lands and one warning leaves queue and watermarks unchanged [428.33ms]

packages/omo-senpi/src/components/memory/tools-apply-patch.test.ts:
(pass) memory tool execution > #given a bound identity #when memory_apply_patch executes #then the patch is applied and committed [370.59ms]
(pass) memory tool execution > #given a bound identity #when memory_apply_patch receives a malformed patch #then the parse error maps to an error result [184.43ms]
(pass) memory tool onCommit seam > #given a bound identity #when memory_apply_patch commits #then onCommit receives the commit metadata [352.86ms]

packages/omo-senpi/src/components/memory/status.test.ts:
(pass) refreshMemoryStatus > #given a committed HEAD ninety seconds old #when refresh runs #then footer shows system-clock-relative age [0.41ms]
(pass) refreshMemoryStatus > #given committed HEAD ages across display buckets #when refresh runs #then compact labels follow the system clock [0.17ms]
(pass) refreshMemoryStatus > #given system markdown under the advisory threshold #when refresh runs #then no advisory notify fires [239.25ms]
(pass) refreshMemoryStatus > #given system markdown at or above the advisory threshold #when refresh runs #then one warning notify fires with token estimate [245.37ms]
(pass) refreshMemoryStatus > #given footer rendering disabled at session bind #when memory is oversized #then advisory fires without a footer [0.28ms]
(pass) refreshMemoryStatus > #given advisory checking disabled after first memory use #when memory is oversized #then footer renders without another warning [0.13ms]
(pass) refreshMemoryStatus > #given an already-notified session #when refresh runs again over threshold #then no second notify fires [228.10ms]
(pass) refreshMemoryStatus > #given a repo with no HEAD #when refresh runs #then no footer or advisory appears [0.97ms]
(pass) refreshMemoryStatus > #given a committed HEAD without a readable commit timestamp #when refresh runs #then no footer appears [0.13ms]
(pass) refreshMemoryStatus > #given a commit timestamp later than the system clock #when refresh runs #then no footer appears [0.11ms]
(pass) refreshMemoryStatus > #given system files with non-system markdown excluded #when refresh estimates tokens #then only system/**/*.md counts [249.82ms]

packages/omo-senpi/src/components/memory/model-registry-resolver.test.ts:
(pass) resolveMemoryModelRegistry > #given a Senpi model registry #when resolved from event context #then the typed port is returned [0.13ms]
(pass) resolveMemoryModelRegistry > #given an incomplete registry #when resolved #then the unsafe boundary is rejected [0.04ms]

packages/omo-senpi/src/components/memory/facts-runner-abort.test.ts:
(pass) facts runner shutdown abort boundary > #given an aborted drain signal #when launch is attempted #then no run is reserved, no child spawns, and the batch stays retryable [8.74ms]
(pass) facts runner shutdown abort boundary > #given the abort fires at the batch-id hook mid-composite #when launch proceeds #then the reservation boundary refuses to start [196.61ms]

packages/omo-senpi/src/components/memory/dream-trigger-idle.test.ts:
(pass) dream idle timer matrix > #given a settled agent #when the settle event arrives #then an idle timer is armed for idle_minutes [0.68ms]
(pass) dream idle timer matrix > #given an armed idle timer #when the agent settles again #then the first timer is cancelled and a fresh one armed [0.47ms]
(pass) dream idle timer matrix > #given an armed idle timer #when an input event arrives #then the timer resets and the next settle re-arms [7.93ms]
(pass) dream idle timer matrix > #given an armed idle timer #when an agent_start event arrives #then the timer resets and the next settle re-arms [7.98ms]
(pass) dream idle timer matrix > #given an armed idle timer #when a session_compact event arrives #then the timer resets and the next settle re-arms [7.50ms]
(pass) dream idle timer matrix > #given an armed idle timer #when the session shuts down #then the timer is cancelled and a stale fire launches nothing [4.12ms]
(pass) dream idle timer matrix > #given an armed idle timer #when the session aborts #then the timer is cancelled and a stale fire launches nothing [3.64ms]
(pass) dream idle timer matrix > #given idle_minutes zero #when the agent settles #then no timer is armed [0.53ms]
(pass) dream idle timer matrix > #given an armed idle timer #when it fires while the agent is streaming #then no dream is requested [3.56ms]
(pass) dream idle timer matrix > #given an armed idle timer #when it fires with pending messages #then no dream is requested [3.08ms]
(pass) dream idle timer matrix > #given a timer armed from a context without idle probes #when it fires #then no dream is requested [3.00ms]
(pass) automatic dream gates > #given dream disabled #when the idle timer fires #then no reservation is made [4.22ms]
(pass) automatic dream gates > #given a dream one hour ago #when the idle timer fires #then the spacing gate blocks the launch [4.45ms]
(pass) automatic dream gates > #given unreflected volume exactly at the floor #when the idle timer fires #then the volume gate blocks the launch [4.38ms]
(pass) automatic dream gates > #given every gate passing #when the idle timer fires #then a dream run is reserved and launched [10.77ms]

packages/omo-senpi/src/components/memory/wiring.test.ts:
(pass) memory footer wiring > #given committed memory bound without a visible footer #when memory tools return #then only the first result shows relative age [5.01ms]
(pass) memory footer wiring > #given a completed first-use attempt #when a new session starts #then the once-only footer gate resets [7.73ms]
(pass) memory footer wiring > #given bind reconciliation is pending #when a footer publishes #then bind completion does not erase it [8.14ms]
(pass) memory footer wiring > #given a failed first memory result #when a later call succeeds #then the footer waits for success [4.97ms]
(pass) memory wiring reflection policy > #given reflection disabled for the bound agent #when an automatic settle arrives #then no reservation evaluation starts [0.67ms]
(pass) memory wiring reflection policy > #given the memory block is absent #when an automatic settle arrives #then schema-default reflection remains enabled [0.51ms]

packages/omo-senpi/src/components/memory/facts-wiring.test.ts:
(pass) facts wiring settle enqueue > #given debounce four #when four settles complete #then exactly one all-pending extractor launch fires [14.73ms]
(pass) facts wiring settle enqueue > #given facts enabled and a new journal delta #when settle runs #then one queue file is published [5.54ms]
(pass) facts wiring settle enqueue > #given the same cursor #when settle runs twice #then no duplicate entry is published [9.52ms]
(pass) facts wiring settle enqueue > #given facts disabled #when settle runs #then nothing is enqueued [1.50ms]
(pass) facts wiring settle enqueue > #given an empty journal #when settle runs #then nothing is enqueued [1.09ms]
(pass) facts wiring settle enqueue > #given a pre-aborted drain signal #when final-delta enqueue is requested #then no journal read or queue mutation starts [0.75ms]
(pass) facts wiring settle enqueue > #given abort arrives while the final journal delta is being read #when enqueue reaches the queue boundary #then no queue mutation starts [0.73ms]
(pass) facts wiring shutdown launch > #given a pre-aborted drain signal at a met threshold #when launch is requested #then no extractor spawn starts [5.11ms]
(pass) facts wiring shutdown launch > #given abort arrives during the threshold probe #when launch reaches the extractor boundary #then no extractor spawn starts [5.45ms]
(pass) facts wiring session_start reconcile > #given a leftover queue file from a crashed run #when reconcile runs #then it is reported launchable [8.05ms]
(pass) facts wiring session_start reconcile > #given facts disabled #when reconcile runs #then no leftover work is reported [5.26ms]
(pass) facts wiring session_start reconcile > #given a consumed batch #when reconcile runs #then nothing is left to relaunch [13.88ms]

packages/omo-senpi/src/components/memory/guard.test.ts:
(pass) memory cross-identity guard > #given a bound identity #when read targets a foreign identity file #then the call is blocked with the stable reason [1.90ms]
(pass) memory cross-identity guard > #given a bound identity #when write targets its own repo or worktree #then both calls are allowed [1.54ms]
(pass) memory cross-identity guard > #given no bound identity #when a file tool targets another identity #then the guard never blocks [1.20ms]
(pass) memory cross-identity guard > #given a bound identity #when unknown tools or file tools without path arguments run #then they are allowed [1.18ms]
(pass) memory cross-identity guard > #given a relative traversal from the workspace #when a suffixed case-variant file tool resolves into foreign memory #then it is blocked [1.14ms]
(pass) memory cross-identity guard > #given paths contains own and foreign targets #when glob runs #then the foreign array member is blocked [1.13ms]
(pass) memory cross-identity guard > #given an outside symlink points into foreign memory #when a file and a not-yet-created descendant are targeted #then realpath and nearest-real-parent both block [1.60ms]
(pass) memory cross-identity guard > #given the identities root and one of its ancestors #when enumeration tools target them #then cross-identity enumeration is blocked [1.38ms]
(pass) memory cross-identity guard > #given a namespaced apply-patch variant #when its patch directives touch foreign memory #then every directive path is guarded [1.21ms]
(pass) memory cross-identity guard > #given bash contains a forbidden foreign-root literal #when invoked repeatedly in one session #then it warns once and never blocks [1.17ms]
(pass) memory cross-identity guard > #given separate sessions invoke bash with a forbidden root #when advisory state is tracked #then each session receives one warning [1.09ms]

packages/omo-senpi/src/components/memory/compaction-survival.test.ts:
(pass) compaction survival + trigger integration > #given a bound session with committed memory #when an accepted compaction settles successfully #then exactly one reflection launches and the sentinel block survives byte-identical [365.40ms]
(pass) compaction survival + trigger integration > #given a bound session #when compaction is rejected #then no flag is recorded and settle launches nothing [193.88ms]
(pass) compaction survival + trigger integration > #given compaction accepted mid-run #when the retried turn chain settles #then exactly one launch fires across all settles [206.19ms]
(pass) compaction survival + trigger integration > #given two consecutive accepted compactions #when the run settles #then the flag is consumed once with exactly one launch [209.37ms]

packages/omo-senpi/src/components/memory/trigger-wiring-config.test.ts:
(pass) resolveReflectionTriggerConfig > #given resolved memory settings #when no agent override applies #then the base trigger config is used [0.15ms]
(pass) resolveReflectionTriggerConfig > #given a per-agent override #when the bound agent matches #then its trigger fields win field by field [0.08ms]
(pass) resolveReflectionTriggerConfig > #given reflection disabled in base settings #when no agent override applies #then enabled is false [0.05ms]
(pass) resolveReflectionTriggerConfig > #given reflection enabled in base but disabled by per-agent override #when the bound agent matches #then enabled is false [0.05ms]
(pass) resolveReflectionTriggerConfig > #given reflection disabled in base but enabled by per-agent override #when the bound agent matches #then enabled is true [0.04ms]

packages/omo-senpi/src/components/memory/skills-usage-wiring.test.ts:
(pass) registerSkillsUsage > #given a read tool targeting skills/foo/SKILL.md #when dispatched then flushed #then foo.count is 1 [4.92ms]
(pass) registerSkillsUsage > #given a read tool targeting notes/facts.md #when dispatched then flushed #then ledger is empty [0.98ms]
(pass) registerSkillsUsage > #given a write tool targeting skills/foo/SKILL.md #when dispatched then flushed #then ledger is empty (only read tools tracked) [0.78ms]
(pass) registerSkillsUsage > #given an unbound session #when dispatched #then no tracker is created [0.08ms]
(pass) registerSkillsUsage > #given a pending increment and an aborted drain signal #when flushed #then the ledger is never written [0.82ms]

packages/omo-senpi/src/components/memory/context.test.ts:
(pass) memory identity context > #given a resolved identity #when its context and repo getter are read #then no repository or runtime directory is created [0.31ms]
(pass) memory identity context > #given untouched identity paths #when first-write setup runs #then only runtime structure is ensured idempotently [2.55ms]

packages/omo-senpi/src/components/memory/shutdown-drain.test.ts:
(pass) session shutdown drain budget > #given the drain budget #when a handler derives its deadline #then it is exactly 1500ms after the start instant [0.12ms]
(pass) session shutdown drain budget > #given a quit shutdown #when the drain runs #then steps run in the a, b, c-prime, c, d order [0.22ms]
(pass) session shutdown drain budget > #given a reload shutdown #when the drain runs #then only the journal flush and the final enqueue run [0.14ms]
(pass) session shutdown drain budget > #given a step that stalls two seconds on the injected clock #when quit drains #then it returns inside the budget and no later step starts [1.52ms]
(pass) session shutdown drain budget > #given an aborted budget #when the stalled step finally settles #then no step that had not started ever starts [1.45ms]
(pass) session shutdown drain budget > #given an evaluator that throws #when quit drains #then the throw is logged and the next evaluator still runs [0.14ms]
(pass) session shutdown drain budget > #given a bound session with journal rows #when session_shutdown fires #then the drain runs before the session is released [7.45ms]
(pass) session shutdown drain budget > #given a memory home that is not a directory #when bind-time reconcile rejects #then it is logged instead of crashing the host [3.25ms]
(pass) session shutdown drain budget > #given a step that rejects #when the drain runs #then the drain still completes the remaining steps [0.17ms]

packages/omo-senpi/src/components/memory/tools-locking.test.ts:
(pass) memory tool execution > #given the writer lock is held #when a tool executes #then the contention surfaces as an error result [222.18ms]
(pass) memory tool execution > #given concurrent executions #when both commit #then they serialize through the writer lock [409.60ms]

packages/omo-senpi/src/components/memory/skills-usage-ledger.test.ts:
(pass) readSkillsUsageLedger > #given a missing ledger file #when read #then returns empty object [1.25ms]
(pass) readSkillsUsageLedger > #given a ledger with valid entries #when read #then returns parsed entries [1.18ms]
(pass) readSkillsUsageLedger > #given a corrupted ledger file #when read #then returns empty object (write never blocks or fails the tool) [1.30ms]

packages/omo-senpi/src/components/memory/policy-guard.test.ts:
(pass) memory filesystem policy guard > #given a bound identity on a policy-capable host #when registration runs #then exactly one policy is registered with foreign-only denied roots [2.32ms]
(pass) memory filesystem policy guard > #given the registered policy #when read and write target a foreign identity file #then both are denied with the stable reason [1.91ms]
(pass) memory filesystem policy guard > #given the registered policy #when enumeration targets the agents root or a foreign root #then both are denied [1.84ms]
(pass) memory filesystem policy guard > #given the registered policy #when operations target the bound identity repo and worktrees #then they are allowed [1.75ms]
(pass) memory filesystem policy guard > #given the registered policy #when an operation targets a path outside the agents root #then it is allowed [1.41ms]
(pass) memory filesystem policy guard > #given the registered policy #when a sibling identity appears after registration #then its files are still denied [1.78ms]
(pass) memory filesystem policy guard > #given an unbound identity on a policy-capable host #when registration runs #then no policy is registered [1.31ms]
(pass) memory filesystem policy guard > #given a host without the policy API #when registration runs #then nothing is registered and the soft guard stays the enforcement layer [1.47ms]
(pass) memory filesystem policy guard > #given the capability check #when the host exposes the policy API #then support is detected without any cast [1.56ms]
(pass) memory filesystem policy guard > #given the policy guard module source #when imports are audited #then senpi references are type-only with no runtime import or any-cast [0.18ms]

packages/omo-senpi/src/components/memory/nudge-wiring.test.ts:
(pass) createMemoryNudgeWiring > #given a fresh session #when two interactive inputs are accepted while extension and rejected inputs occur #then only the accepted interactive turns reach the threshold [215.26ms]
(pass) createMemoryNudgeWiring > #given a durable accepted-turn record and contaminated branch users #when a session resumes #then hydration uses only the durable baseline [185.25ms]
(pass) createMemoryNudgeWiring > #given one durable accepted turn and a second admitted input awaiting its started disposition #when the prompt compiles #then the projected accepted turn reaches the threshold [239.32ms]
(pass) createMemoryNudgeWiring > #given a threshold on an identity with no repository yet #when nudge state resolves #then the fresh-session baseline is used without requiring git history [197.49ms]
(pass) createMemoryNudgeWiring > #given a threshold nudge #when an in-band memory commit lands #then the next compile state self-clears and disabled settings remain quiet [304.25ms]
(pass) createMemoryNudgeWiring > #given a bound non-auto identity #when a memory MCP tool call starts #then unforgeable identity and accepted-turn provenance are injected in place [161.75ms]
(pass) createMemoryNudgeWiring > #given a bound identity #when an MCP-surface memory tool call starts #then provenance is injected under the catalog tool names [165.19ms]

packages/omo-senpi/src/components/memory/tools.test.ts:
(pass) memory tool registration > #given a context resolver #when registerMemoryTools runs #then both tools are captured with sequential execution and prompt metadata [0.24ms]
(pass) memory tool registration > #given the memory tool description #when inspected #then it documents omo identity, frontmatter rules, and result strings [0.06ms]
(pass) memory tool activation > #given no bound identity #when either tool executes #then an actionable initialization error is returned [0.12ms]
(pass) memory tool activation > #given a resolver that binds after registration #when the tool executes #then activation follows binding [262.23ms]

packages/omo-senpi/src/components/memory/dream-trigger-shutdown.test.ts:
(pass) dream shutdown evaluator > #given every gate passing #when a quit drains through the registered evaluator #then a shutdown dream launches [8.54ms]
(pass) dream shutdown evaluator > #given every gate passing #when a non-quit shutdown drains #then the evaluator never runs [4.13ms]
(pass) dream shutdown evaluator > #given shutdown_launch disabled #when the evaluator runs #then no reservation is made [5.06ms]
(pass) dream shutdown evaluator > #given a dream one hour ago #when the evaluator runs #then the spacing gate blocks the launch [4.22ms]
(pass) dream shutdown evaluator > #given a pre-aborted drain signal #when the evaluator runs #then no reservation is made [3.64ms]
(pass) dream shutdown evaluator > #given abort arrives while shutdown reservation is in flight #when the reservation returns active #then no dream child launch starts [5.17ms]
(pass) dream shutdown evaluator > #given abort after the first snapshot #when multiple conversations were selected #then later snapshots never start [3.78ms]
(pass) dream shutdown evaluator > #given the clock crosses the shutdown deadline during reservation #when reservation returns #then launch never starts [7.94ms]

packages/omo-senpi/src/components/memory/reflection-settings.test.ts:
(pass) effective reflection settings > #given conflicting base and agent fields #when resolved #then every override wins and nested trigger defaults survive [0.14ms]

packages/omo-senpi/src/components/memory/dream-selector.test.ts:
(pass) dream conversation scoring > #given a fixed scoring vector #when scored #then every normalized operand and the exact total match [0.17ms]
(pass) dream conversation scoring > #given three equal scores #when ranked #then unreflected steps recency and conversation id break ties in order [0.09ms]
(pass) dream conversation packing > #given an oversized middle candidate #when packed #then it is skipped and a later fitting candidate is selected [0.06ms]
(pass) dream journal selection > #given a stale conversation with a newer reasoning tail #when recent selection runs #then canonical activity wins [1.67ms]
(pass) dream journal selection > #given a stale conversation with a newer error tail #when recent selection runs #then canonical activity wins [1.37ms]
(pass) dream journal selection > #given a stale conversation with a newer tool_call tail #when recent selection runs #then canonical activity wins [1.69ms]
(pass) dream journal selection > #given a stale conversation with a newer contextual tail #when automatic selection is capped #then canonical activity wins [1.44ms]
(pass) dream journal selection > #given UTF-8 journals with one fully reflected conversation #when volume and selection run twice #then bytes snapshots ranking and output stay deterministic [3.07ms]

packages/omo-senpi/src/components/memory/tools-operations.test.ts:
(pass) memory tool execution > #given a bound identity #when memory create executes #then the engine commits and reports the short sha [386.37ms]
(pass) memory tool execution > #given a bound identity #when the engine rejects the change #then the memory error maps to an error result [294.91ms]
(pass) memory tool execution > #given no repo exists yet #when the memory tool executes #then it lazily initializes with hooks and seeds [809.65ms]
(pass) memory tool onCommit seam > #given a bound identity #when memory create commits #then onCommit receives the sha, first-line subject, and affected paths [301.55ms]
(pass) memory tool onCommit seam > #given an engine rejection #when the tool executes #then onCommit is not called [213.56ms]

packages/omo-senpi/src/components/memory/skills-scope.test.ts:
(pass) memorySkillsDir > resolves to the identity repo skills dir [1.42ms]
(pass) createMemorySkillsScopeHandler > returns the bound identity skills dir on startup [1.11ms]
(pass) createMemorySkillsScopeHandler > returns the bound identity skills dir on reload [1.21ms]
(pass) createMemorySkillsScopeHandler > resolves the context by event session id [0.95ms]
(pass) createMemorySkillsScopeHandler > returns undefined for an unbound session so the chain passes through [0.11ms]
(pass) createMemorySkillsScopeHandler > returns undefined when the skills dir does not exist on disk [0.30ms]
(pass) createMemorySkillsScopeHandler > ignores non-resources_discover payloads [0.82ms]
(pass) createMemorySkillsScopeHandler > returns undefined when the event context has no readable session id [0.91ms]
(pass) createMemorySkillsScopeHandler > returned path survives into discovery additively without displacing existing paths [0.97ms]
(pass) createMemorySkillsScopeHandler > merge dedupes a skills dir already present in discovery [0.80ms]
(pass) registerMemorySkillsScope > registers a resources_discover handler that dispatches the bound skills dir [0.92ms]
(pass) registerMemorySkillsScope > contributes nothing for an unbound session during dispatch [0.16ms]

packages/omo-senpi/src/components/memory/supervisor.test.ts:
(pass) memoryModuleSupervisor > #given multiple component sessions #when references acquire and release #then the placeholder remains ref-counted [0.13ms]

packages/omo-senpi/src/components/memory/binding.test.ts:
(pass) memory binding > #given an identity repo and clock #when a binding is created #then it carries a stable path hash without exposing the path [0.11ms]
(pass) memory binding > #given multiple session entries #when the latest valid binding is found #then malformed and older bindings are ignored [0.08ms]

packages/omo-senpi/src/components/memory/facts-runner.test.ts:
(pass) quick-pinned facts launch > #given quick cannot resolve #when pending facts are launched #then no child spawns and the queue stays intact with one warning [14.89ms]
(pass) quick-pinned facts launch > #given two pending queue entries #when one launch runs #then the supervised child consumes all entries in one trailer-bearing commit [769.07ms]
(pass) quick-pinned facts launch > #given an extension-only quick primary and a child-visible fallback #when facts extraction launches #then it retries and commits with the fallback [871.27ms]
(pass) quick-pinned facts launch > #given facts attempt two has a stale attempt-one outcome #when reconciled before the shared deadline #then the retry remains active [7.90ms]
(pass) quick-pinned facts launch > #given a commit lands before queue cleanup crashes #when a fresh runner reconciles #then the batch receipt prevents a duplicate commit [747.89ms]
(pass) quick-pinned facts launch > #given a legacy dirty run without an envelope #when retried after cleanup #then it fails closed, retains queue watermarks, and later commits [954.49ms]
(pass) quick-pinned facts launch > #given a valid empty extraction #when finalized #then no commit lands and the queue is consumed as no_facts [421.76ms]
(pass) quick-pinned facts launch > #given a schema-invalid project record carrying person #when finalized #then the queue is retained [431.39ms]

packages/omo-senpi/src/components/memory/wiring-runtime.test.ts:
(pass) memory runtime wiring > #given production facts wiring #when its extractor is created #then a sandbox transform is supplied [0.48ms]

packages/omo-senpi/src/components/memory/trigger-wiring.test.ts:
(pass) reflection trigger wiring > #given a met step threshold #when a clean run settles #then exactly one step-count launch fires with no visible message [15.34ms]
(pass) reflection trigger wiring > #given the wiring #when registered #then it observes only agent_end, agent_settled and session_compact [1.34ms]
(pass) reflection trigger wiring > #given a zero step threshold #when a clean run settles #then nothing ever launches [9.53ms]
(pass) reflection trigger wiring > #given an unsuccessful or missing run outcome #when settled #then no launch is attempted [20.01ms]
(pass) reflection trigger wiring > #given a retried run #when the final agent_end is clean #then the settle counts as success [11.48ms]
(pass) reflection trigger wiring > #given a settled run outcome #when a second settle arrives without a new run #then the stale outcome cannot relaunch [10.49ms]
(pass) reflection trigger wiring > #given an accepted compaction #when the event fires #then it only records the pending flag and never launches [5.65ms]
(pass) reflection trigger wiring > #given a rejected compaction #when the event fires #then no pending flag is recorded [6.76ms]
(pass) reflection trigger wiring > #given a pending compaction #when the next settle fails and only then succeeds #then the flag is consumed exactly once [21.03ms]
(pass) reflection trigger wiring > #given compaction and the step threshold ready in the same settle #when it is evaluated #then exactly one run launches [19.56ms]
(pass) reflection trigger wiring > #given repeated successful settles before the active run completes #when they are evaluated #then one launch fires and pending collapses to a single record [31.24ms]
(pass) reflection trigger wiring > #given a manual request #when it is made outside any event #then it launches with its focus and journal filters [13.13ms]
(pass) reflection trigger wiring > #given a manual request without arguments #when it is made #then it targets the bound conversation without a focus [12.27ms]
(pass) reflection trigger wiring > #given an active run #when a manual request queues behind it #then it is reserved as pending without launching [22.84ms]
(pass) reflection trigger wiring > #given a launch handler that never settles #when a run settles #then the event handler still completes [12.71ms]
(pass) reflection trigger wiring > #given no launch handler #when a run settles #then the reservation still happens without throwing [15.19ms]
(pass) reflection trigger wiring > #given no bound memory session #when events fire #then the wiring stays inert [1.28ms]
(pass) reflection trigger wiring > #given an engine failure #when a run settles #then the host handler resolves and the failure is logged once [1.14ms]
(pass) reflection trigger wiring > #given reflection disabled #when a clean run settles #then no reservation is made and no launch fires [4.40ms]
(pass) reflection trigger wiring > #given reflection disabled #when a pending compaction is consumed at settle #then no compaction launch fires [4.63ms]
(pass) reflection trigger wiring > #given reflection disabled #when a manual request is made #then no launch fires [1.32ms]
(pass) reflection trigger wiring > #given reflection enabled #when a clean run settles #then the launch fires exactly as before [11.40ms]

packages/omo-senpi/src/components/memory/journal-wiring.test.ts:
(pass) memory journal wiring > #given a 3-turn session with a tool call #when agent_settled fires #then rows are projected and steps equal 3 [2.58ms]
(pass) memory journal wiring > #given turn 1 journaled before a crash #when session_start reconciles the full branch #then only missing rows are appended [3.08ms]
(pass) memory journal wiring > #given a tool-only assistant message #when settled #then no assistant row and no step increment [1.69ms]
(pass) memory journal wiring > #given redacted and visible thinking blocks #when settled #then reasoning rows use the placeholder and source index [1.24ms]
(pass) memory journal wiring > #given an aborted run with an error message #when settled #then rows still journal including an error row [1.90ms]
(pass) memory journal wiring > #given message_end and turn_end #when dispatched #then nothing is written and only settle/start handlers exist [0.98ms]
(pass) memory journal wiring > #given block-structured user content and split assistant texts #when settled #then texts concatenate canonically [1.34ms]
(pass) memory journal wiring > #given a fresh session #when session_start fires #then the branch reconciles like a settle [1.30ms]
(pass) memory journal wiring > #given an errored tool result #when settled #then the tool_call row joins resultOk false [1.20ms]
(pass) memory journal wiring > #given a malformed event context #when handlers fire #then the reconcile is a no-op [0.18ms]

packages/omo-senpi/src/components/memory/soul-notice.test.ts:
(pass) createSoulNoticeWiring onCommit > #given edit_notice enabled #when a soul commit arrives #then exactly one soul-updated entry is appended with the commit metadata [0.52ms]
(pass) createSoulNoticeWiring onCommit > #given edit_notice enabled #when a non-soul commit arrives #then no entry is appended [0.22ms]
(pass) createSoulNoticeWiring onCommit > #given edit_notice disabled #when a soul commit arrives #then no visible entry is appended [0.23ms]
(pass) createSoulNoticeWiring onCommit > #given registration #when the component registers #then a renderer is registered for the soul-updated entry type [0.23ms]
(pass) createSoulNoticeWiring tool_result receipts > #given a receipt for the event toolCallId #when tool_result fires #then one entry is appended and the receipt is consumed [1.12ms]
(pass) createSoulNoticeWiring tool_result receipts > #given a receipt whose embedded toolCallId does not match the event #when tool_result fires #then no entry is appended and the receipt is consumed [1.05ms]
(pass) createSoulNoticeWiring tool_result receipts > #given no receipt on disk #when tool_result fires #then nothing is appended and nothing throws [0.31ms]
(pass) createSoulNoticeWiring tool_result receipts > #given a non-memory tool result #when tool_result fires #then receipts are left untouched [0.85ms]

packages/omo-senpi/src/components/ultrawork/ultrawork.test.ts:
(pass) omo-senpi ultrawork component > #given a fixed prompt corpus #when pure classification runs #then keyword matching stays in parity with the shipped detector [0.33ms]
(pass) omo-senpi ultrawork component > #given overlapping and repeated variants #when classified #then one shipped global pattern determines variants and occurrence count [0.06ms]
(pass) omo-senpi ultrawork component > #given direct, skill, block, and extension inputs #when classified #then effectiveness and suppression mirror handler routes [0.09ms]
(pass) omo-senpi ultrawork component > #given identical stale snapshots #when pure classification runs twice #then results are identical without hidden module state [0.05ms]
(pass) omo-senpi ultrawork component > #given trigger words #when user input dispatches #then arms via one hidden custom message [0.29ms]
(pass) omo-senpi ultrawork component > #given a trigger word #when the user text is dispatched #then the typed text is never rewritten [0.07ms]
(pass) omo-senpi ultrawork component > #given an idle session #when a trigger arms #then the injection carries no delivery override [0.06ms]
(pass) omo-senpi ultrawork component > #given a steer-queued prompt #when a trigger arms #then the directive stays atomic with the prompt [0.09ms]
(pass) omo-senpi ultrawork component > #given a followUp-queued prompt #when a trigger arms #then the directive stays atomic with the prompt [0.07ms]
(pass) omo-senpi ultrawork component > #given a queued /skill: command #when a trigger arms #then the directive is appended so expansion survives [0.07ms]
(pass) omo-senpi ultrawork component > #given any queued prompt #when a trigger arms #then no hidden message is emitted for it [0.06ms]
(pass) omo-senpi ultrawork component > #given non-trigger input #when user input dispatches #then injects nothing [0.06ms]
(pass) omo-senpi ultrawork component > #given recursion guard source extension #when trigger input dispatches #then injects nothing [0.04ms]
(pass) omo-senpi ultrawork component > #given ultrawork disabled flag #when trigger input dispatches #then suppresses injection [0.05ms]
(pass) omo-senpi ultrawork component > #given malformed input #when input dispatches #then no-ops safely [0.09ms]
(pass) omo-senpi ultrawork component > #given ulw-prefixed skill names #when user input dispatches #then injects nothing [0.08ms]
(pass) omo-senpi ultrawork component > #given input already carrying an ultrawork block #when trigger word dispatches #then does not reinject [0.05ms]
(pass) omo-senpi ultrawork component > #given /skill: command with a trigger word in args #when dispatched #then arms without touching the command text [0.06ms]
(pass) omo-senpi ultrawork component > #given a lone open-tag mention without a closing tag #when trigger word dispatches #then still injects [0.05ms]
(pass) omo-senpi ultrawork component > #given the /skill:ultrawork command itself #when dispatched #then passes through untouched [0.08ms]
(pass) omo-senpi ultrawork component > #given /skill: command whose trigger appears only in the skill name #when dispatched #then injects nothing [0.06ms]
(pass) omo-senpi ultrawork component > #given every arming route #when dispatched #then none of them rewrites the user text [0.07ms]
(pass) omo-senpi ultrawork component > #given synced senpi skill artifact #when description is read #then documents hidden injection instead of inviting a re-read [0.12ms]
(pass) omo-senpi ultrawork component > #given embedded directive #when inspected #then contains zero forbidden non-senpi tokens [0.40ms]
(pass) omo-senpi ultrawork component > #given embedded directive #when inspected #then keeps required ultrawork anchors [0.07ms]
(pass) omo-senpi ultrawork component > #given embedded directive #when inspected #then keeps the senpi-native tool contract [0.06ms]
(pass) omo-senpi ultrawork component > #given generated directive #when embed script runs check #then passes without drift [31.92ms]
(pass) omo-senpi ultrawork component > #given generated directive drift #when embed script runs check #then fails [30.79ms]

packages/omo-senpi/src/components/ultrawork/ultrawork-arming.test.ts:
(pass) omo-senpi ultrawork once-per-session arming > #given an armed session #when a second trigger dispatches #then injects a short reminder instead of the full directive [0.30ms]
(pass) omo-senpi ultrawork once-per-session arming > #given an armed session #when the session compacts #then the next trigger injects the full directive again [0.13ms]
(pass) omo-senpi ultrawork once-per-session arming > #given an armed session #when a compaction is rejected #then the next trigger stays a reminder [0.09ms]
(pass) omo-senpi ultrawork once-per-session arming > #given one live session #when triggers span rejected and accepted compactions #then the directive-reminder sequence stays pinned [0.10ms]
(pass) omo-senpi ultrawork once-per-session arming > #given suppression routes #when matching text dispatches #then no message emits and the session ledger stays unarmed [0.14ms]
(pass) omo-senpi ultrawork once-per-session arming > #given shared arming state #when snapshot is read three times #then every read is identical and the ledger stays unchanged [0.10ms]
(pass) omo-senpi ultrawork once-per-session arming > #given pre-mutation snapshots #when effective prompts are classified #then every arming stage is distinguishable [0.05ms]
(pass) omo-senpi ultrawork once-per-session arming > #given a known fresh session #when the first trigger dispatches #then injects the full directive byte-identically [0.06ms]
(pass) omo-senpi ultrawork once-per-session arming > #given an armed session #when a queued trigger dispatches #then the transform appends the reminder not the directive [0.11ms]
(pass) omo-senpi ultrawork once-per-session arming > #given a pasted directive block #when the next plain trigger dispatches #then injects the reminder not a second full copy [0.07ms]
(pass) omo-senpi ultrawork once-per-session arming > #given /skill:ultrawork expanded inline #when the next plain trigger dispatches #then injects the reminder not a second full copy [0.06ms]
(pass) omo-senpi ultrawork once-per-session arming > #given two armed sessions #when switching back to the first #then the next trigger is the reminder [0.09ms]
(pass) omo-senpi ultrawork once-per-session arming > #given the input event ctx carries the session id #when a second trigger dispatches #then injects the reminder without any session events [0.06ms]
(pass) omo-senpi ultrawork once-per-session arming > #given an armed session #when the component re-registers on resume #then the next trigger is the reminder not the full directive [0.09ms]
omo-senpi memory component skipped: missing ExtensionAPI capabilities {
  missing: [ "appendEntry", "registerEntryRenderer" ],
}
config-watch skipped: events capability missing undefined
omo-senpi ulw-loop status ignored {
  reason: "non-zero-exit",
  code: 1,
}
omo-senpi memory component skipped: missing ExtensionAPI capabilities {
  missing: [ "appendEntry", "registerEntryRenderer" ],
}
config-watch skipped: events capability missing undefined
omo-senpi ulw-loop status ignored {
  reason: "non-zero-exit",
  code: 1,
}
(pass) omo-senpi ultrawork once-per-session arming > #given the packaged extension reloaded uncached #when the same session triggers on the second load #then injects the reminder not the full directive [169.02ms]
(pass) omo-senpi ultrawork once-per-session arming > #given a slot left under different directive text #when the bundle re-evaluates #then the session is not armed and receives the full directive [0.20ms]
(pass) omo-senpi ultrawork once-per-session arming > #given a bare ledger left by a pre-slot bundle #when the bundle re-evaluates #then the session is not armed and receives the full directive [0.10ms]

packages/omo-senpi/src/components/ulw-loop/omo-command.test.ts:
(pass) omo-senpi ulw-loop omo-command spawn target > #given a .cmd bin on win32 #when building the spawn target #then it wraps with cmd.exe /d /s /c [0.19ms]
(pass) omo-senpi ulw-loop omo-command spawn target > #given an uppercase .BAT bin on win32 #when building the spawn target #then it still wraps [0.06ms]
(pass) omo-senpi ulw-loop omo-command spawn target > #given an .exe bin on win32 #when building the spawn target #then it spawns directly without cmd.exe [0.04ms]
(pass) omo-senpi ulw-loop omo-command spawn target > #given a plain bin on darwin #when building the spawn target #then it is unchanged [0.04ms]
(pass) omo-senpi ulw-loop omo-command spawn target > #given a .cmd-looking path on non-win32 #when building the spawn target #then it is NOT wrapped (win32-only guard) [0.05ms]
(pass) omo-senpi ulw-loop omo-command .js spawn target > #given a .js target on win32 #when building the spawn target #then it spawns via process.execPath with the target as argv1 [0.04ms]
(pass) omo-senpi ulw-loop omo-command .js spawn target > #given a .js target on darwin #when building the spawn target #then it spawns via process.execPath [0.04ms]
(pass) omo-senpi ulw-loop omo-command .js spawn target > #given a .js target with the default platform #when building the spawn target #then it spawns via process.execPath [0.04ms]
(pass) omo-senpi ulw-loop omo-command .js spawn target > #given an uppercase .JS target on win32 #when building the spawn target #then it still spawns via process.execPath [0.04ms]

packages/omo-senpi/src/components/ulw-loop/index.test.ts:
(pass) omo-senpi ulw-loop continuation > #given no omo binary #when input and agent_end fire #then the component stays inert for the session [0.21ms]
(pass) omo-senpi ulw-loop continuation > #given active incomplete ulw-loop status #when queued user input arrives #then steering reminder is injected [3.66ms]
(pass) omo-senpi ulw-loop continuation > #given active incomplete ulw-loop status #when idle user input arrives #then typed text is unchanged [0.19ms]
(pass) omo-senpi ulw-loop continuation > #given incomplete goals #when continuation agent_end fires #then sends exactly one hidden followUp [0.14ms]
(pass) omo-senpi ulw-loop continuation > #given incomplete goals #when continuation repeats #then cap stops the 9th consecutive continuation [0.17ms]
(pass) omo-senpi ulw-loop continuation > #given continuation cap was reached #when user input resets it #then continuation can resume [0.10ms]
(pass) omo-senpi ulw-loop continuation > #given stale status snapshot #when user input arrives #then the next identical active status can continue [0.09ms]
(pass) omo-senpi ulw-loop continuation > #given byte-identical status twice #when continuation repeats #then stale status stops continuation [0.08ms]
(pass) omo-senpi ulw-loop continuation > #given malformed JSON #when input checks status #then it degrades to no-op with a warning [0.10ms]
(pass) omo-senpi ulw-loop continuation > #given extension input #when it contains text #then it does not reset or inject [0.10ms]
(pass) omo-senpi ulw-loop continuation > #given status reports all complete #when continuation fires #then no followUp is sent [0.07ms]
(pass) omo-senpi ulw-loop continuation > #given goal active before ulw-loop #when a shell tool result activates the run #then the footer starts immediately [0.31ms]

packages/omo-senpi/src/components/ulw-loop/coordinator-routing.test.ts:
(pass) omo-senpi ulw-loop continuation routing through the idle coordinator > #given a coordinator in ctx #when a continuation fires #then it routes through the coordinator, not a direct user message [0.29ms]
(pass) omo-senpi ulw-loop continuation routing through the idle coordinator > #given a task completion already queued #when the continuation fires on the same idle edge #then both collapse into one injection [0.12ms]
(pass) omo-senpi ulw-loop continuation routing through the idle coordinator > #given active boulder start-work continuation #when ulw-loop agent_end fires #then it enqueues nothing [1.35ms]

packages/omo-senpi/src/components/ulw-loop/run-command-containment.test.ts:
(pass) omo-senpi ulw-loop run-command failure containment > #given runCommand rejects synchronously with EINVAL #when input dispatches #then the handler resolves continue and never rejects [0.28ms]
(pass) omo-senpi ulw-loop run-command failure containment > #given runCommand resolves non-zero #when agent_end dispatches #then no continuation is sent and the handler resolves [0.11ms]
(pass) omo-senpi ulw-loop run-command failure containment > #given runCommand rejects but status would otherwise be active #when input dispatches #then no steering reminder is injected [0.09ms]

packages/omo-senpi/src/components/ulw-loop/runtime.test.ts:
(pass) omo-senpi ulw-loop runtime > #given OMO_BIN is set #when resolving the default omo binary #then Bun is not needed and PATH is ignored [0.18ms]
(pass) omo-senpi ulw-loop runtime > #given a temp omo binary #when default runOmoCommand executes status #then it captures stdout and cwd via Node-compatible spawning [380.81ms]
(pass) omo-senpi ulw-loop runtime > #given a child flooding stderr beyond the 64KiB pipe buffer #when runOmoCommand executes a .js target #then it completes within the 30s budget via process.execPath [134.97ms]
(pass) omo-senpi ulw-loop runtime > #given built Senpi runs under Node #when inspecting runtime source #then the ulw-loop component has no Bun global dependency [0.21ms]
(pass) omo-senpi ulw-loop resolveOmoBin toolkit-first chain > #given only OMO_AGENT_TOOLKIT_BIN is set #when resolving #then it wins and PATH is ignored [0.12ms]
(pass) omo-senpi ulw-loop resolveOmoBin toolkit-first chain > #given all three links are present #when resolving #then OMO_AGENT_TOOLKIT_BIN beats the PATH toolkit and OMO_BIN [0.80ms]
(pass) omo-senpi ulw-loop resolveOmoBin toolkit-first chain > #given a PATH toolkit and OMO_BIN #when resolving #then the PATH omo-agent-toolkit wins over OMO_BIN [0.70ms]
(pass) omo-senpi ulw-loop resolveOmoBin toolkit-first chain > #given only OMO_BIN is set #when resolving #then it resolves exactly as before the rename (characterization) [0.09ms]
(pass) omo-senpi ulw-loop resolveOmoBin toolkit-first chain > #given PATH holds only a fake named omo #when resolving #then it returns null - the bare-omo PATH tail is deliberately dropped [0.66ms]
(pass) omo-senpi ulw-loop resolveOmoBin toolkit-first chain > #given a whitespace-only OMO_AGENT_TOOLKIT_BIN #when resolving #then it falls through to OMO_BIN [0.12ms]
(pass) omo-senpi ulw-loop resolveOmoBin toolkit-first chain > #given nothing is set and PATH is empty #when resolving #then it returns null [0.12ms]
(pass) omo-senpi ulw-loop default registration through the toolkit chain > #given a PATH omo-agent-toolkit and no envs #when the component registers with defaults #then the toolkit binary receives the status argv [366.89ms]
(pass) omo-senpi ulw-loop default registration through the toolkit chain > #given PATH holds only a fake named omo and no envs #when the component registers with defaults #then it degrades without executing the stale binary [0.65ms]

packages/omo-senpi/src/components/ulw-loop/footer-status.test.ts:
(pass) omo-senpi ulw-loop footer status > reads the project goal store and publishes all four animation frames [1.43ms]
(pass) omo-senpi ulw-loop footer status > uses an encoded session id and clears when the project goal completes [0.78ms]
(pass) omo-senpi ulw-loop footer status > publishes animated ultraworking status only when goal and ulw-loop are active [0.18ms]
(pass) omo-senpi ulw-loop footer status > clears the indicator when either activation ends [0.13ms]
(pass) omo-senpi ulw-loop footer status > keeps continuation and headless paths unchanged [0.12ms]

packages/omo-senpi/src/components/config-resolution/index.test.ts:
(pass) loadSenpiOmoConfig > #given the current top-level-only Senpi categories and agents config #when resolved #then it preserves the established configuration exactly [2.81ms]
(pass) loadSenpiOmoConfig > #given base and activated Senpi profile category settings #when resolved #then the Senpi profile override wins [1.49ms]
(pass) loadSenpiOmoConfig > #given catalog names in category and agent model chains #when resolved #then concrete model references and inherited attributes reach Senpi [1.39ms]

packages/omo-senpi/src/components/lsp/lsp-architecture.test.ts:
(pass) omo-senpi lsp architecture boundary > #given the daemon-backed adapter #when source shape is audited #then no vendored LSP engine remains [0.85ms]

packages/omo-senpi/src/components/lsp/lsp-security.test.ts:
(pass) omo-senpi lsp project config trust > #given untrusted project-local LSP config #when shared server config merges #then arbitrary project commands are not launched [1.09ms]
(pass) omo-senpi lsp project config trust > #given untrusted project config overrides a builtin #when servers merge #then the builtin command remains selected [0.49ms]
(pass) omo-senpi lsp project config trust > #given project-local custom commands #when servers merge #then project-local commands remain ignored [0.50ms]
(pass) omo-senpi lsp project config trust > #given project config customizes safe builtin fields #when servers merge #then command and env still come from the builtin [0.45ms]
(pass) omo-senpi lsp project config trust > #given user LSP config has a custom command and env #when servers merge #then the user custom server is preserved [0.46ms]
(pass) omo-senpi lsp project config trust > #given project configs contain multiple unsafe commands #when the component registers #then exactly one migration warning is emitted [0.46ms]

packages/omo-senpi/src/components/lsp/index.test.ts:
(pass) omo-senpi lsp component > #given the legacy Senpi LSP descriptors #when the daemon-backed component registers #then all non-executor descriptor fields are preserved [0.31ms]
(pass) omo-senpi lsp component > #given an installed language server #when the component registers #then the exact six LSP tools are exposed [0.08ms]
(pass) omo-senpi lsp component > #given renamed omo-senpi lsp flags #when diagnostics are disabled #then no LSP tools register [0.06ms]
(pass) omo-senpi lsp component > #given no language server is resolvable for any file type #when the lsp component registers #then the six tools remain exposed [0.08ms]

packages/omo-senpi/src/components/lsp/daemon-runtime.test.ts:
(pass) Senpi packaged daemon runtime resolver > #given a shipped extension path #when resolving daemon runtime #then CLI and version are paired from plugin-local runtime [1.58ms]
(pass) Senpi packaged daemon runtime resolver > #given a shipped daemon client #when an LSP tool executes #then canonical alias, signal, and Senpi .pi context are forwarded [115.45ms]
(pass) Senpi packaged daemon runtime resolver > #given all six Senpi LSP names #when executing through the packaged client #then canonical Core tool names are used [1.97ms]
(pass) Senpi packaged daemon runtime resolver > #given daemon runtime overrides #when resolved #then the shared daemon contract is enforced [1.25ms]

packages/omo-senpi/src/components/lsp/lsp-renderers.test.ts:
(pass) omo-senpi lsp TUI renderers > #given registered LSP tools #when the TUI renders tool activity #then every tool exposes custom call and result renderers [0.22ms]

packages/omo-senpi/src/components/lsp/post-edit-diagnostics.test.ts:
(pass) omo-senpi lsp post-edit diagnostics > #given post-edit diagnostics with errors #when a write tool result arrives #then model-visible diagnostics are injected [0.70ms]
(pass) omo-senpi lsp post-edit diagnostics > #given many mutated files #when post-edit diagnostics run #then shared orchestration dedupes, bounds concurrency, preserves order, and isolates failures [0.20ms]
(pass) omo-senpi lsp post-edit diagnostics > #given post-edit sessions #when session events fire #then only that session cache resets or deletes [0.26ms]
(pass) omo-senpi lsp post-edit diagnostics > #given a context with updateToolHookStatus #when post-edit diagnostics run #then the live status label is reported [0.08ms]
(pass) omo-senpi lsp post-edit diagnostics > #given a non-mutation tool result #when the post-edit handler runs #then no live status is reported [0.06ms]
(pass) omo-senpi lsp post-edit diagnostics > #given post-edit diagnostics are clean #when a write tool result arrives #then no diagnostics are injected [0.05ms]

packages/omo-senpi/src/components/init-deep-advisor/coverage.test.ts:
(pass) computeCandidateDirs > #given three dirs with 8+ source files #when computing candidates #then all three qualify [3.44ms]
(pass) computeCandidateDirs > #given a dir with few files but 500+ LOC #when computing candidates #then it qualifies by LOC [0.49ms]
(pass) computeCandidateDirs > #given a tiny repo below both thresholds #when computing candidates #then none qualify [0.54ms]
(pass) computeCandidateDirs > #given nested dirs sharing a subtree #when computing candidates #then files are counted per directory only [1.78ms]
(pass) computeCandidateDirs > #given a candidate dir deeper than the max depth #when computing candidates #then it is not returned [1.43ms]
(pass) computeCandidateDirs > #given excluded directory names #when computing candidates #then they are skipped [3.47ms]
(pass) computeCandidateDirs > #given a symlinked directory #when computing candidates #then the symlink is skipped [1.07ms]
(pass) isCovered > #given a dir with its own AGENTS.md #when checking coverage #then it is covered [1.07ms]
(pass) isCovered > #given an ancestor with AGENTS.md #when checking coverage #then the descendant inherits coverage [1.24ms]
(pass) isCovered > #given only a root AGENTS.md #when checking a nested dir #then root counts as an inclusive ancestor [1.18ms]
(pass) isCovered > #given no AGENTS.md anywhere #when checking a nested dir #then it is not covered [0.89ms]
(pass) computeCoverageRatio and shouldProposeInit > #given three candidate dirs and zero AGENTS.md #when computing coverage #then missingRatio is 1.0 and init is proposed [2.91ms]
(pass) computeCoverageRatio and shouldProposeInit > #given three candidate dirs all covered #when computing coverage #then missingRatio is 0.0 and init is not proposed [3.59ms]
(pass) computeCoverageRatio and shouldProposeInit > #given zero candidate dirs #when computing coverage #then it returns null and init is not proposed [0.43ms]
(pass) computeCoverageRatio and shouldProposeInit > #given full nested coverage without a root AGENTS.md #when deciding #then init is not proposed [3.11ms]
(pass) computeCoverageRatio and shouldProposeInit > #given half the candidate dirs uncovered #when deciding #then the 0.50 threshold proposes [1.86ms]
(pass) computeCoverageRatio and shouldProposeInit > #given a null missingRatio #when deciding #then it never proposes [0.05ms]

packages/omo-senpi/src/components/init-deep-advisor/git-helpers.test.ts:
(pass) gitIsRepo > #given a git repo #when checking #then it returns true [73.80ms]
fatal: not a git repository (or any of the parent directories): .git
(pass) gitIsRepo > #given a plain directory #when checking #then it returns false [11.80ms]
(pass) gitHead and gitCommitsSince > #given a repo with commits #when reading HEAD #then it matches rev-parse [73.60ms]
(pass) gitHead and gitCommitsSince > #given five commits after a base sha #when counting #then it returns five [296.05ms]
(pass) gitTrackedFileCount > #given a repo with two tracked files #when counting #then it returns two [76.21ms]
(pass) gitTrackedFileCount > #given a platform-valid delimiter-sensitive filename #when counting #then NUL delimiting keeps the count correct [114.72ms]
(pass) gitTouchedFilesSince > #given commits touching one file #when listing touched files #then only that file is returned [115.12ms]
(pass) gitTouchedFilesSince > #given commits touching only AGENTS.md and the snapshot #when listing touched files #then they are excluded [125.77ms]
(pass) gitChurnLoc > #given a file grown by two lines #when summing churn #then added and deleted lines both count [126.05ms]
(pass) gitChurnLoc > #given a binary file change #when summing churn #then binary rows contribute zero [125.41ms]
(pass) gitTotalLoc > #given tracked source files #when summing total LOC #then it counts their lines [73.51ms]
(pass) gitObjectType > #given a commit sha #when reading its object type #then it is commit [71.88ms]
fatal: git cat-file: could not get object info
(pass) gitObjectType > #given tree, blob, tag and invalid shas #when reading object types #then non-commit types are reported [158.52ms]
(pass) gitCommonDirRealpath > #given a repo #when resolving the common dir #then it is the realpath of .git [72.46ms]

packages/omo-senpi/src/components/init-deep-advisor/drift.test.ts:
(pass) computeDrift > #given 40 commits touching 2 of 10 files #when computing drift #then metrics report 40 commits and a 0.2 touched ratio [1999.08ms]
(pass) computeDrift > #given an unchanged repo #when computing drift #then commits and churn are zero [144.21ms]
(pass) computeDrift > #given an old snapshot timestamp #when computing drift #then daysSince reflects the age [143.90ms]
fatal: git cat-file: could not get object info
(pass) computeDrift > #given an invalid snapshot sha #when computing drift #then it is stale [88.19ms]
(pass) computeDrift > #given a tag object sha #when computing drift #then it is stale [112.46ms]
(pass) computeDrift > #given a tree object sha #when computing drift #then it is stale [96.04ms]
(pass) computeDrift > #given a blob object sha #when computing drift #then it is stale [90.78ms]
(pass) shouldProposeRefresh > #given 40 commits and a 20% touched ratio #when deciding #then it proposes a refresh [2103.32ms]
(pass) shouldProposeRefresh > #given the current HEAD equals the last proposed HEAD #when deciding #then it suppresses [2168.00ms]
(pass) shouldProposeRefresh > #given an active 7-day cooldown #when deciding #then it suppresses [2114.56ms]
(pass) shouldProposeRefresh > #given a stale drift result #when deciding #then it proposes a refresh [0.13ms]
(pass) shouldProposeRefresh > #given a stale drift result inside the cooldown #when deciding #then the cooldown still suppresses [0.06ms]
(pass) shouldProposeRefresh > #given 40 commits but only a 5% touched ratio #when deciding #then the composite threshold suppresses [0.05ms]
(pass) shouldProposeRefresh > #given a churn ratio at 0.25 #when deciding #then it proposes on the LOC lane alone [0.05ms]
(pass) shouldProposeRefresh > #given a 90-day-old snapshot with no churn #when deciding #then it proposes on the age lane alone [0.04ms]

packages/omo-senpi/src/components/init-deep-advisor/state.test.ts:
(pass) getAdvisorStateDir > #given an agent home env #when resolving the advisor state dir #then it nests under the omo-native state dir [0.39ms]
(pass) repoHash > #given the same repo #when hashing twice #then the hash is stable [92.52ms]
(pass) repoHash > #given two distinct repos #when hashing #then the hashes differ [158.75ms]
Preparing worktree (new branch 'linked-branch')
(pass) repoHash > #given a linked worktree of one repo #when hashing #then it shares the main repo hash [116.91ms]
(pass) global and project declines > #given a fresh state dir #when writing a global decline #then it reads back as declined [0.53ms]
(pass) global and project declines > #given a nested state dir that does not exist yet #when writing a project decline #then the parent is created [0.66ms]
(pass) global and project declines > #given a project decline for one repo #when checking another repo #then it is not declined [0.44ms]
(pass) cooldown > #given a cooldown written now #when reading the deadline #then it is COOLDOWN_DAYS ahead [0.50ms]
(pass) cooldown > #given no cooldown record #when reading the deadline #then it returns 0 [0.19ms]
(pass) cooldown > #given a malformed cooldown record #when reading the deadline #then it returns 0 [0.38ms]
(pass) cooldown > #given a cooldown record with a non-number until #when reading the deadline #then it returns 0 [0.35ms]
(pass) last proposed head > #given a written head #when reading it back #then it round-trips [0.48ms]
(pass) last proposed head > #given no proposal record #when reading the head #then it returns null [0.17ms]
(pass) last proposed head > #given a malformed proposal record #when reading the head #then it returns null [0.51ms]
(pass) readSnapshot > #given no snapshot file #when reading #then it reports missing [0.25ms]
(pass) readSnapshot > #given a complete valid snapshot #when reading #then it reports valid with the parsed snapshot [0.33ms]
(pass) readSnapshot > #given a snapshot with extra fields #when reading #then it stays valid (forward compatible) [0.35ms]
(pass) readSnapshot > #given unparseable JSON #when reading #then it reports invalid [0.35ms]
(pass) readSnapshot > #given non-object JSON roots #when reading #then each reports invalid [1.46ms]
(pass) readSnapshot > #given a snapshot missing a required field #when reading #then it reports invalid [0.35ms]
(pass) readSnapshot > #given a snapshot with wrong field types #when reading #then it reports invalid [0.35ms]
(pass) readSnapshot > #given negative or non-finite numbers #when reading #then it reports invalid [0.70ms]
(pass) readSnapshot > #given a mode outside the frozen enum #when reading #then it reports invalid [0.36ms]

packages/omo-senpi/src/components/init-deep-advisor/constants.test.ts:
(pass) frozen advisor constants > #given the frozen plan values #when reading coverage constants #then they match exactly [0.14ms]
(pass) frozen advisor constants > #given the frozen plan values #when reading drift constants #then they match exactly [0.05ms]
(pass) frozen advisor constants > #given the frozen source extension set #when checking membership #then known source and excluded names are covered [0.06ms]

packages/omo-senpi/src/components/init-deep-advisor/component.test.ts:
(pass) createInitDeepAdvisorComponent > #given an eligible repo #when Run now #then the correct response state is applied [151.62ms]
(pass) createInitDeepAdvisorComponent > #given an eligible repo #when Skip this time #then the correct response state is applied [128.34ms]
(pass) createInitDeepAdvisorComponent > #given an eligible repo #when Never in this project #then the correct response state is applied [126.63ms]
(pass) createInitDeepAdvisorComponent > #given an eligible repo #when Never anywhere #then the correct response state is applied [129.21ms]
(pass) createInitDeepAdvisorComponent > #given an eligible repo #when the dialog times out #then the correct response state is applied [128.35ms]
(pass) createInitDeepAdvisorComponent > #given a fully covered repo #when startup runs #then no selector opens [107.30ms]
(pass) createInitDeepAdvisorComponent > #given the advisor is disabled #when startup runs #then no selector opens [61.84ms]
(pass) createInitDeepAdvisorComponent > #given a non-startup session #when session_start fires #then no selector opens [63.82ms]
(pass) createInitDeepAdvisorComponent > #given an onboarding marker that is missing #when startup runs #then first-session suppression blocks the selector [93.09ms]
(pass) createInitDeepAdvisorComponent > #given an onboarding marker that is current #when startup runs #then first-session suppression blocks the selector [95.48ms]
(pass) createInitDeepAdvisorComponent > #given a non-UI mode #when startup runs #then proposal state and UI remain untouched [80.24ms]
(pass) createInitDeepAdvisorComponent > #given AGENTS.md is tracked #when Run now is chosen #then suggestedMode is committed [143.10ms]
(pass) createInitDeepAdvisorComponent > #given AGENTS.md is untracked #when Run now is chosen #then suggestedMode is local [159.49ms]
(pass) createInitDeepAdvisorComponent > #given every eligibility trigger #when proposed data is built #then each discriminated payload is exact [0.69ms]
(pass) createInitDeepAdvisorComponent > #given an eligible repo #when the advisor opens #then last proposed HEAD is written first [125.42ms]
(pass) createInitDeepAdvisorComponent > #given session_start #when the handler returns #then ui.select has not run synchronously [118.12ms]
(pass) createInitDeepAdvisorComponent > #given fake timers #when session_start fires #then ui.select waits for setTimeout zero [116.01ms]

packages/omo-senpi/src/components/init-deep-advisor/git-exclude.test.ts:
(pass) addLocalExcludePaths > #given an absent exclude file #when adding paths #then the file is created with those paths [30.31ms]
(pass) addLocalExcludePaths > #given paths already present #when adding the same paths again #then no duplicate lines appear [41.03ms]
(pass) addLocalExcludePaths > #given user-written lines in the exclude file #when adding managed paths #then user lines are preserved [29.48ms]
(pass) removeLocalExcludePaths > #given managed and user lines #when removing managed paths #then only named paths are removed [28.84ms]
(pass) removeLocalExcludePaths > #given an absent exclude file #when removing paths #then no-op without throwing [29.78ms]
(pass) isExcluded > #given a path in the exclude file #when checking #then it returns true [39.02ms]
(pass) isExcluded > #given a path not in the exclude file #when checking #then it returns false [38.97ms]
(pass) isExcluded > #given an absent exclude file #when checking #then it returns false [27.94ms]
fatal: not a git repository (or any of the parent directories): .git
(pass) non-git directory > #given a plain directory #when adding paths #then no-op without throwing [11.24ms]
fatal: not a git repository (or any of the parent directories): .git
(pass) non-git directory > #given a plain directory #when removing paths #then no-op without throwing [11.35ms]
fatal: not a git repository (or any of the parent directories): .git
(pass) non-git directory > #given a plain directory #when checking exclusion #then it returns false [11.90ms]

packages/omo-senpi/src/components/start-work-continuation/hidden-delivery.test.ts:
(pass) start-work continuation hidden delivery > #given active work #when idle agent_end fires #then continuation is a hidden followUp [1.22ms]
(pass) start-work continuation hidden delivery > #given active work #when input is idle versus queued #then only queued text is transformed [0.60ms]

packages/omo-senpi/src/components/start-work-continuation/index.test.ts:
(pass) omo-senpi start-work-continuation > #given no boulder state #when agent_end fires #then stays quiet [0.35ms]
(pass) omo-senpi start-work-continuation > #given malformed boulder JSON #when agent_end fires #then no injection and no throw [0.36ms]
(pass) omo-senpi start-work-continuation > #given completed work #when agent_end fires #then no injection [0.39ms]
(pass) omo-senpi start-work-continuation > #given work owned by another harness #when agent_end fires #then no injection [0.35ms]
(pass) omo-senpi start-work-continuation > #given active work with remaining tasks #when agent_end fires #then injects continuation directive [0.41ms]
(pass) omo-senpi start-work-continuation > #given zero remaining tasks but total > 0 #when agent_end fires #then still injects final-gate directive [0.41ms]
(pass) omo-senpi start-work-continuation > #given active work #when directive renders #then it instructs honoring the recorded PR delivery mode [0.36ms]
(pass) omo-senpi start-work-continuation > #given paused work #when agent_end fires #then injects continuation directive [0.35ms]
(pass) omo-senpi start-work-continuation > #given identical boulder signature twice #when agent_end repeats #then second is suppressed [0.42ms]
(pass) omo-senpi start-work-continuation > #given 9 consecutive agent_end events with changing signature #when cap is 8 #then only 8 injections are delivered [0.86ms]
(pass) omo-senpi start-work-continuation > #given cap reached #when user input arrives #then resets and continuation resumes [0.87ms]
(pass) omo-senpi start-work-continuation > #given eligible boulder work #when user input arrives #then appends start-work steering reminder [0.37ms]
(pass) omo-senpi start-work-continuation > #given extension-sourced input #when eligible boulder work exists #then no transform [0.31ms]
(pass) omo-senpi start-work-continuation > #given missing session manager #when agent_end fires #then skips silently [0.20ms]

packages/omo-senpi/src/components/comment-checker/comment-checker.feedback.test.ts:
(pass) omo-senpi comment-checker feedback > #given checker violation #when edit completes #then feedback includes the header and offending file [0.67ms]
(pass) omo-senpi comment-checker feedback > #given checker finds a clean file #when edit completes #then injects nothing [0.19ms]
(pass) omo-senpi comment-checker feedback > #given unresolvable binary #when eligible results repeat #then component is inert with one notice [0.21ms]
(pass) omo-senpi comment-checker feedback > #given same file reported twice #when still in one turn #then stale_state debounce emits one report until turn_start [0.21ms]

packages/omo-senpi/src/components/comment-checker/comment-checker.resolver.test.ts:
(pass) omo-senpi comment-checker binary resolver > #given OMO_COMMENT_CHECKER_BIN and other candidates #when resolving binary #then env var wins first [0.32ms]
(pass) omo-senpi comment-checker binary resolver > #given package api exports getBinaryPath #when env is unset #then package api resolves before PATH [0.15ms]
(pass) omo-senpi comment-checker binary resolver > #given env and package resolution fail #when PATH has comment-checker #then PATH fallback resolves last [0.15ms]

packages/omo-senpi/src/components/comment-checker/comment-checker.test.ts:
(pass) omo-senpi comment-checker component > #given built Senpi runs under Node #when inspecting runtime sources #then comment-checker has no Bun global dependency [0.23ms]
(pass) omo-senpi comment-checker component > #given every binary resolution path is missing #when eligible results repeat #then inert notice logs once and runner is not called [0.26ms]
(pass) omo-senpi comment-checker component > #given a context with updateToolHookStatus #when the check runs #then the live status label is reported once [0.15ms]
(pass) omo-senpi comment-checker component > #given a non-mutation tool result #when tool_result dispatches #then no live status is reported [0.11ms]
(pass) omo-senpi comment-checker component > #given successful edit result #when tool_result dispatches #then runner receives the right absolute path [0.14ms]
(pass) omo-senpi comment-checker component > #given bound Senpi session manager #when tool_result dispatches #then runner receives session metadata [0.14ms]
(pass) omo-senpi comment-checker component > #given successful write result #when tool_result dispatches #then runner receives the written file [0.12ms]
(pass) omo-senpi comment-checker component > #given read and bash results #when tool_result dispatches #then silent non-edit tools do not trigger [0.12ms]
(pass) omo-senpi comment-checker component > #given failed edit and write results #when tool_result dispatches #then silent failures do not trigger [0.11ms]
(pass) omo-senpi comment-checker component > #given missing path and bad payload #when tool_result dispatches #then malformed_input no-ops safely [0.11ms]

packages/omo-senpi/src/components/native-badge/index.test.ts:
(pass) createNativeBadgeComponent > #given the component is registered > #then it is named native-badge [0.07ms]
(pass) createNativeBadgeComponent > #given the component is registered > #when session_start fires #then the cat badge is published to the footer [0.13ms]
(pass) createNativeBadgeComponent > #given the component is registered > #when a later turn settles #then the badge is republished so it survives status churn [0.05ms]
(pass) createNativeBadgeComponent > #given a host that exposes no ui surface > #when events fire #then registration and dispatch stay silent [0.06ms]

packages/omo-senpi/src/components/native-badge/footer-badge.test.ts:
(pass) createNativeBadgeStatus > #given an event context exposing ui.setStatus > #when the session publishes #then the cat badge is set under a leading status key [0.12ms]
(pass) createNativeBadgeStatus > #given an event context exposing ui.setStatus > #when publish runs repeatedly #then the badge is written once per call without duplication [0.06ms]
(pass) createNativeBadgeStatus > #given a context without a usable ui surface > #when publish runs #then it degrades silently instead of throwing [0.06ms]
(pass) createNativeBadgeStatus > #given the status key ordering contract > #then it sorts ahead of the other omo status keys so the badge leads the row [0.06ms]

packages/omo-senpi/src/components/config-watch/index.test.ts:
(pass) createConfigWatchComponent > emits one wire-valid omo registration immediately [0.28ms]
(pass) createConfigWatchComponent > skips without the optional events capability [0.06ms]
(pass) createConfigWatchComponent > warns that creating user config later requires a reload when its directory and parent are absent [0.07ms]
(pass) createConfigWatchComponent > logs omo reload and rejection outcomes with paths and errors [0.14ms]
(pass) createConfigWatchComponent > refreshes targets after rejection without replacing the sticky validator, deferring the re-registration [1.24ms]
(pass) createConfigWatchComponent > caps deferred re-registration retries when the host rejects deterministically [3.98ms]
(pass) createConfigWatchComponent > resets the rejection retry budget when the registration payload changes [5.38ms]
(pass) createConfigWatchComponent > releases event subscriptions on shutdown and replaces subscriptions on repeated register [0.16ms]
(pass) createConfigWatchComponent > keeps one active registration when ready is emitted repeatedly [0.07ms]

packages/omo-senpi/src/components/config-watch/validate.test.ts:
(pass) createOmoConfigValidator > #given invalid JSONC in a changed config file #when validating #then rejects with the parse diagnostic [1.89ms]
(pass) createOmoConfigValidator > #given a schema violation in a changed config file #when validating #then rejects with the validation diagnostic [1.06ms]
(pass) createOmoConfigValidator > #given a valid changed config #when validating #then accepts and advances the baseline [0.64ms]
(pass) createOmoConfigValidator > #given a missing optional user config #when validating its path #then accepts [0.43ms]
(pass) createOmoConfigValidator > #given a pre-existing invalid ancestor layer #when a different valid layer changes #then accepts [0.82ms]
(pass) createOmoConfigValidator > #given individually valid team layers that newly fail after merge #when the changed layer validates #then rejects the merged diagnostic [2.33ms]
(pass) createOmoConfigValidator > #given a pre-existing merged-config diagnostic #when an unrelated valid layer changes #then accepts [1.44ms]
(pass) createOmoConfigValidator > #given an accepted change with a non-attributable pre-existing diagnostic #when another valid change follows #then the updated baseline does not block it [1.55ms]
(pass) createOmoConfigValidator > #given a rejected change #when an unrelated valid change follows before it is fixed #then rejection remains sticky until the bad diagnostic is gone [1.39ms]
(pass) createOmoConfigValidator > #given a newly created ancestor .omo directory with invalid JSONC #when validating the directory change #then rejects its descendant diagnostic [0.88ms]
(pass) createOmoConfigValidator > #given deleting omo.jsonc exposes an invalid sibling omo.json #when validating the deletion #then rejects by containing config directory [0.99ms]
(pass) createOmoConfigValidator > #given a changed Senpi model catalog cycle #when validating #then rejects the resolved Senpi view diagnostic [1.19ms]
(pass) createOmoConfigValidator > #given an unreadable changed config path #when validating #then returns its read diagnostic without throwing [0.78ms]

packages/omo-senpi/src/components/config-watch/paths.test.ts:
(pass) resolveOmoConfigWatchTargets > #given nested project configs #when resolving targets #then watches user scope, every existing .omo directory, and each cwd-to-home ancestor [1.33ms]
(pass) resolveOmoConfigWatchTargets > #given a newly created ancestor .omo directory #when resolving targets #then keeps watching its config files after a rejected creation [0.49ms]
(pass) resolveOmoConfigWatchTargets > #given a symlinked project .omo directory #when resolving targets #then ignores the symlinked config directory [0.55ms]
(pass) resolveOmoConfigWatchTargets > #given an existing project .omo directory without a config file #when resolving targets #then watches it for either omo config filename [0.52ms]
(pass) resolveOmoConfigWatchTargets > #given an existing ~/.omo user config directory #when resolving targets #then it is watched for both config filenames [0.47ms]
(pass) resolveOmoConfigWatchTargets > #given a missing ~/.omo user config directory #when resolving targets #then no bare-HOME creation target is emitted and discovery needs a later reload [0.36ms]
(pass) resolveOmoConfigWatchTargets > #given the senpi agent dir defaulting under HOME #when resolving targets #then drops every target covering the protected agent paths [0.44ms]
(pass) resolveOmoConfigWatchTargets > #given an explicit SENPI_CODING_AGENT_DIR under HOME #when resolving targets #then drops the covering ancestor target [0.38ms]
(pass) resolveOmoConfigWatchTargets > #given ancestor creation targets #when resolving targets #then every creation glob is root-anchored [0.42ms]
(pass) resolveOmoConfigWatchTargets > #given the user config parent creation target #when resolving targets #then its glob is root-anchored [0.42ms]
(pass) resolveOmoConfigWatchTargets > #given an existing .omo directory holding runtime state #when resolving targets #then its config globs are root-anchored so the subtree is not scanned [0.64ms]

packages/omo-senpi/src/components/task/lead-poller-lifecycle.test.ts:
(pass) lead poller lifecycle > #given no shared coordinator #when team mail injects #then fallback is hidden custom steer [0.66ms]
(pass) lead poller lifecycle > #given owned and foreign teams #when ticks repeat #then only one owned poller is created and reused [0.14ms]
(pass) lead poller lifecycle > #given an owned lead without a captured session file #when the lifecycle ticks #then it does not reserve inbox delivery until persistence is possible [0.09ms]
(pass) lead poller lifecycle > #given a compacting parent #when the lifecycle ticks #then the owned poller is suspended [0.08ms]
(pass) lead poller lifecycle > #given an owned team whose members are suspended #when the lead session shuts down and resumes #then the same poller keeps the team [0.09ms]
(pass) lead poller lifecycle > #given ownership disappears #when the lifecycle reconciles #then the old poller shuts down and cannot resolve [0.08ms]
(pass) lead poller lifecycle > #given multiple owned teams #when no run id is resolved #then an explicit id is required [0.12ms]
(pass) lead poller lifecycle > #given multiple owned teams #when no run id is resolved #then the reason lists the owned runs [0.08ms]
(pass) lead poller lifecycle > #given one owned team #when resolveDefaultTeamRunId is called #then it resolves [0.08ms]
(pass) lead poller lifecycle > #given no owned team #when resolveDefaultTeamRunId is called #then it reports none [0.06ms]
(pass) lead poller lifecycle > #given multiple owned teams #when resolveDefaultTeamRunId is called #then it reports ambiguous with the owned runs [0.09ms]
(pass) lead poller lifecycle > #given a shared delivery journal #when the lifecycle creates a poller #then the journal reaches the poller deps [0.06ms]
(pass) lead poller lifecycle > #given coordinator delivery states #when an injection enqueues #then scheduling follows streaming idle and transition rules [0.11ms]
(pass) lead poller lifecycle > #given the component shuts down #when disposed #then the interval and every poller stop [0.08ms]

packages/omo-senpi/src/components/task/team-service.test.ts:
(pass) createTeamService curated agent gating > #given a team member spec naming a curated read-only agent #when team_create validates members #then the curated rejection message surfaces [2.82ms]
(pass) createTeamService lead messaging > #given a mapped recipient task #when the lead sends #then the correlation event is persisted on the recipient task [6.03ms]
(pass) createTeamService lead messaging > #given an active runtime member without a sidecar entry #when the lead sends #then delivery succeeds without a correlation event [3.42ms]
(pass) createTeamService lead messaging > #given main and provider extensions #when a team member starts #then member tools load before inherited OMO extensions [11.88ms]
(pass) createTeamService named-team lookup > #given an unknown team_name with declared teams #when createTeam runs #then the error lists the declared teams [2.06ms]
(pass) createTeamService ownership guard > #given a team owned by another session #when scoped service methods are called #then they reject with an ownership error [3.58ms]
(pass) createTeamService ownership guard > #given the owning session #when scoped service methods are called #then they proceed [2.81ms]

packages/omo-senpi/src/components/task/event-bridge.test.ts:
(pass) event-bridge session_start recovery chain > #given a resumed session with a revived record #when session_start fires #then the chain runs in the planned order with the session id threaded [0.55ms]
(pass) event-bridge session_start recovery chain > #given no captured session id #when session_start fires #then the legacy sweep still runs with undefined while the scoped notification branch is skipped [0.08ms]
(pass) event-bridge session_start recovery chain > #given expired records #when session_start fires #then the awaited ttl cleanup runs after notification reconcile and logs deletions [0.09ms]
(pass) event-bridge session_shutdown > #given a session_shutdown with a reason and a captured session id #when the event fires #then it suspends with parentSessionId and reason [0.12ms]
(pass) event-bridge session_shutdown > #given a session_shutdown with no captured session id #when the event fires #then it warns and does not suspend [0.07ms]
(pass) event-bridge session_shutdown > #given a session_shutdown with a missing reason #when the event fires #then it warns and does not suspend [0.05ms]

packages/omo-senpi/src/components/task/engine-agents.test.ts:
(pass) task engine builtin agent overlay > #given no omo.json agents #when the engine resolves agents #then the 5 builtin curated agents are present with their personas [0.98ms]
(pass) task engine builtin agent overlay > #given an omo.json model override for a builtin agent #when the engine resolves agents #then the model wins and the builtin prompt and allowlist survive [0.90ms]
(pass) task engine builtin agent overlay > #given an omo.json-only agent #when the engine resolves agents #then it is appended alongside the builtins [0.70ms]
(pass) task engine builtin agent overlay > #given a process override for a curated agent #when the engine resolves agents #then in-process execution remains pinned [0.70ms]
(pass) task engine builtin agent overlay > #given a process-mode user agent #when the engine resolves agents #then its execution mode remains configurable [0.65ms]
(pass) task engine builtin agent overlay > #given the default engine agents #when the task tool description renders #then plain builtins are advertised and the plan-gated tier is classified separately [0.67ms]
(pass) task engine builtin agent overlay > #given agents.momus.disable in omo.json #when the description renders #then momus is hidden and the other three stay listed [0.72ms]

packages/omo-senpi/src/components/task/member-liveness.test.ts:
(pass) team member liveness notifier > #given a SIGKILL member exit while the lead streams #when the terminal record is observed #then one structured liveness injection reaches the lead [0.32ms]
(pass) team member liveness notifier > #given an injected liveness message not yet persisted #when persistence checks run #then ack waits for the exact JSONL marker [1.07ms]
(pass) team member liveness notifier > #given a failed direct injection #when the delivery promise rejects #then local dedupe clears and a bounded retry sends again [0.14ms]
(pass) team member liveness notifier > #given a failed coordinator delivery #when its promise rejects #then the liveness injection is requeued and delivered on retry [0.14ms]
(pass) team member liveness notifier > #given the liveness epoch is already persisted #when a restarted notifier observes the terminal record #then it suppresses replay [0.06ms]
(pass) team member liveness notifier > #given a normal member completion #when observed #then no liveness event is injected [0.05ms]
(pass) team member liveness notifier > #given an errored member record suspended between shutdown and revival #when observed #then no liveness death event is injected [0.04ms]

packages/omo-senpi/src/components/task/residency-registry.test.ts:
(pass) createManagerResidencyRegistry rpc teardown bridge > #given an rpc resident #when lifecycle terminates it #then process termination runs without aborting the turn [0.17ms]
(pass) createManagerResidencyRegistry rpc teardown bridge > #given an rpc resident without a terminate port #when lifecycle terminates it #then teardown rejects instead of leaking silently [0.07ms]

packages/omo-senpi/src/components/task/index.test.ts:
(pass) omo-senpi task component wiring > #given a fake ExtensionAPI boot #when the task component registers #then tools, commands, the completion renderer, and event handlers are wired [1.17ms]
(pass) omo-senpi task component wiring > #given a fake ExtensionAPI boot #when the task component registers #then only injection-driven lead team tools are wired [0.62ms]
(pass) omo-senpi task component wiring > #given the removed-tool hint capability #when the task component registers #then team_wait receives steer guidance [0.60ms]
(pass) omo-senpi task component wiring > #given the omo-task flag is false #when the component registers #then only the unconditional hygiene sweep handler is wired [0.07ms]
(pass) omo-senpi task component wiring > #given a malformed omo.json #when the component registers #then it boots with defaults and still wires the tools [0.80ms]
(pass) omo-senpi task component wiring > #given a wired bridge #when session_start fires repeatedly #then the team mailbox is reconciled on every start [2.81ms]
(pass) omo-senpi task component wiring > #given a session start #when reconciliation runs #then reattach, cleanup, mailbox reclaim, notification retry, and lead polling stay ordered [0.65ms]
(pass) omo-senpi task component wiring > #given a terminal member owned by lead A #when lead B reconciles then lead A reconciles #then only the owning lead receives replay [2.79ms]
(pass) omo-senpi task component wiring > #given a liveness send before host persistence #when the process crashes and restarts #then no early ack suppresses replay and agent_end later commits the exact persisted marker [3.06ms]
(pass) omo-senpi task component wiring > #given a captured ui #when session_before_switch fires #then the ui bridge is cleared [1.38ms]
(pass) omo-senpi task component wiring > #given a captured ui #when session_shutdown fires #then the ui bridge is cleared [1.29ms]
(pass) omo-senpi task component wiring > #given an ExtensionAPI missing registerMessageRenderer #when the component registers #then it skips with one warning and never crashes [0.09ms]

packages/omo-senpi/src/components/task/status-row-format.test.ts:
(pass) buildWidgetRows > #given more than five active tasks #when building rows #then it caps at five and adds a +N more row [0.59ms]
(pass) buildWidgetRows > #given only terminal tasks #when building rows #then no rows render [0.05ms]
(pass) buildWidgetRows > #given an active task #when building a row #then useful identity and execution context remain [0.08ms]
(pass) buildWidgetRows > #given a 137-column active task #when building its widget row #then it remains one physical line [0.11ms]
(pass) task_summary identity > #given a record with a task_summary #when building the widget row #then the summary leads over name and description [0.07ms]
(pass) task_summary identity > #given a record with a task_summary #when formatting the full row #then the summary is the identity [0.08ms]
(pass) backgroundWidgetRows > #given a wide terminal #when a live task row renders #then the longer summary and adjacent metadata remain visible [0.76ms]
(pass) backgroundWidgetRows > #given a narrow terminal #when a live task row renders #then it stays on one bounded physical line [0.14ms]
(pass) suspended residency labeling > #given a persisted_only record #when formatting a full row #then the status shows suspended [0.05ms]
(pass) suspended residency labeling > #given an rpc_detached record #when formatting a full row #then the status shows suspended [0.05ms]
(pass) suspended residency labeling > #given a resident record #when formatting a full row #then the status label is unchanged (regression pin) [0.05ms]
(pass) suspended residency labeling > #given a persisted_only record #when building a widget row #then it contains suspended [0.05ms]
(pass) suspended residency labeling > #given an rpc_detached record #when building a widget row #then it contains suspended [0.07ms]
(pass) suspended residency labeling > #given a persisted_only record #when building a background widget row #then it contains suspended [0.09ms]
(pass) formatTaskRow > #given resolved category metadata #when formatting #then the unified target carries the model and effort [0.04ms]
(pass) formatTaskRow > #given a description #when formatting #then the human label leads [0.05ms]
(pass) formatTaskRow > #given no resolved model #when formatting #then raw model remains [0.04ms]
(pass) formatTaskRow > #given empty resolved detail labels #when formatting #then they are omitted [0.05ms]
(pass) formatTaskRow > #given matching reasoning and variant #when formatting #then the effort renders once inside the target [0.05ms]
(pass) formatTaskRow > #given malformed running progress #when formatting #then the excerpt is width-safe [0.09ms]

packages/omo-senpi/src/components/task/commands.test.ts:
(pass) registerTaskCommands > #given the component registers commands #when inspecting the api #then /tasks and /task-kill exist [0.14ms]
(pass) registerTaskCommands > #given tasks in two sessions #when /tasks runs #then only the current session's rows print [0.23ms]
(pass) registerTaskCommands > #given tasks in two sessions #when /tasks --all runs #then every session's rows print [0.08ms]
(pass) registerTaskCommands > #given a cancellable task #when /task-kill selects it and confirms #then cancelTask runs for that id [0.15ms]
(pass) registerTaskCommands > #given a task with a description #when /task-kill lists options #then the human label leads and the id trails [0.08ms]
(pass) registerTaskCommands > #given a multi-word description #when /task-kill selects and confirms #then cancelTask runs for the task id, not a word of the label [0.08ms]
(pass) registerTaskCommands > #given the selector is dismissed #when /task-kill runs #then nothing is cancelled [0.07ms]
(pass) registerTaskCommands > #given no cancellable tasks #when /task-kill runs #then it notifies and never opens the selector [0.06ms]

packages/omo-senpi/src/components/task/reload-guard.test.ts:
(pass) reload guard > #given a running resident child #when the veto is evaluated #then reload is cancelled with an actionable reason [0.15ms]
(pass) reload guard > #given running children #when labelled #then description wins over name over task id [0.06ms]
(pass) reload guard > #given only terminal residents #when the veto is evaluated #then reload is not blocked [0.05ms]
(pass) reload guard > #given no resident children #when the veto is evaluated #then reload is not blocked [0.03ms]
(pass) reload guard > #given a wired guard #when senpi emits session_before_reload #then the handler returns the cancel result [0.08ms]
(pass) reload guard > #given a running child #when the veto is consulted twice (senpi pre-check + internal check) #then both consultations return the identical result [0.08ms]
(pass) reload guard > #given a wired guard with no running children #when senpi emits session_before_reload #then reload proceeds [0.05ms]

packages/omo-senpi/src/components/task/status-ui-background.test.ts:
(pass) createTaskStatusUi.background progress > #given only terminal background tasks #when syncing #then no refresh timer remains active [0.37ms]
(pass) createTaskStatusUi.background progress > #given an idle parent with a running background task #when time advances quietly #then live status refreshes [0.36ms]
(pass) createTaskStatusUi.background progress > #given a live refresh timer #when the final background task completes #then the timer stops [0.16ms]
(pass) createTaskStatusUi.background progress > #given two background children #when latest events arrive #then rows show identity, model, stats, activity, and elapsed time [0.48ms]

packages/omo-senpi/src/components/task/team-service-delete.test.ts:
(pass) createTeamService team deletion boundary > #given canonical, foreign-owned, and uppercased run ids #when teams are deleted #then shape and ownership fences stay distinct [2.92ms]

packages/omo-senpi/src/components/task/planner.test.ts:
(pass) createTaskChildPlanner > #given a category with model metadata #when planned #then resolved_model preserves display, variant, and reasoning effort [2.36ms]
(pass) createTaskChildPlanner > #given visual-engineering falls back to a variant-bearing model #when planned #then resolved_model keeps fallback variant metadata [0.21ms]
(pass) createTaskChildPlanner > #given an explicit provider model #when planned #then explicit metadata does not invent variant or reasoning effort [0.07ms]
(pass) createTaskChildPlanner > #given subagent_type naming a builtin agent #when planned against a registry serving its chain #then the plan carries the agent persona and an agent-sourced model [0.41ms]
(pass) createTaskChildPlanner > #given an explicit model with subagent_type and no registry #when planned #then the agent persona is kept and the model stays explicit [0.07ms]
(pass) createTaskChildPlanner > #given subagent_type naming a builtin agent with no registry #when planned #then it fails closed with the registry-unavailable error [0.07ms]
(pass) createTaskChildPlanner > #given subagent_type naming a category rather than an agent #when planned #then category resolution still applies [0.28ms]
(pass) createTaskChildPlanner > #given a disabled agent sharing a category name #when planned without an explicit model #then category fallback remains available [0.15ms]
(pass) createTaskChildPlanner > #given a disabled agent and explicit model #when planned via subagent_type #then the model cannot bypass disablement [0.07ms]
(pass) createTaskChildPlanner > #given an unknown subagent_type #when planned #then the unknown-target error lists available agents and categories [0.09ms]
(pass) createTaskChildPlanner > #given subagent_type naming a builtin agent whose chain no registry model satisfies #when planned #then it reports model_unavailable with the agent list [0.13ms]
(pass) createTaskChildPlanner plan variant > #given a category with an explicit reasoning effort and a variant #when planned #then the applied variant is the reasoning effort [0.09ms]
(pass) createTaskChildPlanner plan variant > #given a category with reasoning effort only #when planned #then the public plan carries that effort [0.06ms]
(pass) createTaskChildPlanner plan variant > #given a category with variant only #when planned #then the public plan carries that variant [0.07ms]
(pass) createTaskChildPlanner plan variant > #given a category resolving a variant-bearing fallback without reasoning effort #when planned #then the applied variant is the resolved variant [0.10ms]
(pass) createTaskChildPlanner plan variant > #given an explicit provider model #when planned #then no variant is applied [0.04ms]
(pass) createTaskChildPlanner plan variant > #given momus resolves a variant-bearing chain entry #when planned #then the applied variant matches the resolved model [0.10ms]

packages/omo-senpi/src/components/task/category-unavailable-warning.test.ts:
(pass) createCategoryUnavailableWarningPlanner > #given a dead-chain model_unavailable #when planned #then it notifies and sends the custom message [0.23ms]
(pass) createCategoryUnavailableWarningPlanner > #given repeated dead-chain failures #when planned #then it warns exactly once per session per category [0.07ms]
(pass) createCategoryUnavailableWarningPlanner > #given a non-dead-chain model_unavailable #when planned #then it stays silent [0.05ms]
(pass) createCategoryUnavailableWarningPlanner > #given global suppression #when planned #then it stays silent [0.06ms]
(pass) createCategoryUnavailableWarningPlanner > #given a per-category opt-in over global suppression #when planned #then it warns [0.07ms]
(pass) createCategoryUnavailableWarningPlanner > #given a per-category opt-out over global default #when planned #then it stays silent [0.04ms]
(pass) createCategoryUnavailableWarningPlanner > #given a user-configured category with an explicit model #when a chain error arrives #then it stays silent [0.05ms]
(pass) createCategoryUnavailableWarningPlanner > #given no captured ui #when planned #then the custom message still fires [0.05ms]
(pass) createCategoryUnavailableWarningPlanner > #given the real child planner and a stripped registry #when a dead-chain category is planned #then the error carries chain details [0.10ms]

packages/omo-senpi/src/components/task/usage-guidance.test.ts:
(pass) task usage guidance > #given the once-per-session task hint #when rendered #then it teaches steer-only team delivery without a blocking wait [1.46ms]
(pass) task usage guidance > #given background task guidance #when rendered #then it makes idle wake unconditional and limits midpoint inspection [0.04ms]
(pass) task usage guidance > #given the hidden usage hint #when responsibilities are inspected #then invocation syntax stays on the tool surface [0.04ms]

packages/omo-senpi/src/components/task/planner-model-name-boundary.test.ts:
(pass) task planner model-name boundary > #given an own safe model name #when category planning resolves #then the friendly name is preserved [0.25ms]
(pass) task planner model-name boundary > #given an inherited model name #when category planning resolves #then the inherited value is ignored [0.09ms]
(pass) task planner model-name boundary > #given a throwing model name accessor #when category planning resolves #then the accessor is never invoked [0.08ms]
(pass) task planner model-name boundary > #given terminal controls or an oversized model name #when category planning resolves #then unsafe names are ignored [0.10ms]

packages/omo-senpi/src/components/task/process-sweep.test.ts:
(pass) wireSessionStartProcessSweep() > #given the packaged daemon runtime #when session_start fires #then the stale-version sweep receives its version [0.28ms]
(pass) wireSessionStartProcessSweep() > #given a paired daemon override #when session_start sweeps stale versions #then the active override daemon is spared [2004.16ms]
(pass) wireSessionStartProcessSweep() > #given daemon runtime resolution fails #when session_start fires #then unrelated cleanup families still run [0.25ms]
(pass) wireSessionStartProcessSweep() > #given a wired sweep #when session_start fires #then the family sweep runs [0.10ms]
(pass) wireSessionStartProcessSweep() > #given the RPC child marker is set #when session_start fires #then the sweep is skipped [0.08ms]
(pass) wireSessionStartProcessSweep() > #given a never-resolving sweep #when session_start fires #then the handler returns without blocking [0.07ms]
(pass) wireSessionStartProcessSweep() > #given a failing sweep #when session_start fires #then the failure is logged and cannot propagate [0.10ms]
(pass) wireSessionStartProcessSweep() > #given a synchronously throwing sweep #when session_start fires #then the failure is logged and cannot propagate [0.08ms]

packages/omo-senpi/src/components/task/owned-member-liveness.test.ts:
(pass) owned member liveness > #given an errored member record suspended between shutdown and revival #when re-observed #then no death notification fires [1.47ms]
(pass) owned member liveness > #given a resident errored member record owned by this session #when observed #then the death notification still fires [1.04ms]

packages/omo-senpi/src/components/task/parent-notifier.test.ts:
(pass) createParentNotifier batched injection delivery > #given a completion #when enqueued through the coordinator #then hidden metadata is preserved [0.20ms]
(pass) createParentNotifier batched injection delivery > #given one completion #when enqueued #then it defers through the coordinator and flushes as ONE steer [0.15ms]
(pass) createParentNotifier batched injection delivery > #given two near-simultaneous completions #when the batch window closes #then BOTH arrive in ONE steer injection [0.07ms]
(pass) createParentNotifier batched injection delivery > #given a re-enqueue of the same completion #when the batch window closes #then the key dedupes to one entry [0.06ms]
(pass) createParentNotifier batched injection delivery > #given an IDLE parent #when two completions land in the same tick #then one microtask steer carries both [0.12ms]
(pass) createParentNotifier batched injection delivery > #given no coordinator is wired #when a completion enqueues #then it falls back to a direct steer on the renderer channel [0.06ms]

packages/omo-senpi/src/components/task/completion-bridge.test.ts:
(pass) completion bridge live background promotion > #given a foreground start promoted before terminal #when completion applies #then the live manager flag delivers a notification [3.13ms]
(pass) completion bridge live background promotion > #given a genuinely foreground start #when completion applies without promotion #then sync-task notification suppression remains intact [1.45ms]

packages/omo-senpi/src/components/task/status-ui-width.test.ts:
(pass) createTaskStatusUi terminal width > #given a 120-column terminal #when the production widget renders #then the row is bounded and keeps activity plus elapsed [0.36ms]

packages/omo-senpi/src/components/task/skill-invocation-tracker-references.test.ts:
(pass) createSkillInvocationTracker - plan-artifact reference counting > #given three reads of plan A and one edit of plan B #when references are queried #then counts accumulate per path with the most-referenced first [0.42ms]
(pass) createSkillInvocationTracker - plan-artifact reference counting > #given apply_patch events mentioning plan paths #when they arrive #then each distinct path counts once per event [0.11ms]
(pass) createSkillInvocationTracker - plan-artifact reference counting > #given two plans touched once each #when references are queried #then the most recently touched wins the tie until one pulls ahead [0.10ms]
(pass) createSkillInvocationTracker - plan-artifact reference counting > #given plan touches followed by session shutdown #when references are queried #then the map is cleared [0.07ms]
(pass) createSkillInvocationTracker - plan-artifact reference counting > #given an unknown session id #when references are queried #then it reports none and no artifact [0.05ms]
(pass) createSkillInvocationTracker - plan-artifact reference counting > #given windows and posix spellings of the same plan path #when both arrive #then they merge into one normalized reference [0.06ms]
(pass) createSkillInvocationTracker - plan-artifact reference counting > #given the same plan suffix under two worktree roots #when both arrive #then the roots stay distinct [0.07ms]

packages/omo-senpi/src/components/task/engine-runners.test.ts:
(pass) task child memory tool exclusion > #given the ui-only tool names passed to the in-process runner #when inspected #then both memory tools are listed [0.11ms]
(pass) task child memory tool exclusion > #given shared parent tools including memory tools #when an in-process child starts #then the child tool set excludes them [1.27ms]
(pass) task child memory tool exclusion > #given the default runner factories #when the in-process runner is built #then construction succeeds with the ui-only names wired [0.22ms]

packages/omo-senpi/src/components/task/runtime-context.test.ts:
(pass) TaskRuntimeContext session facts > #given a live session manager with its file #when captured #then the exact file path is retained [0.10ms]

packages/omo-senpi/src/components/task/engine-runner-routing.test.ts:
(pass) task engine runner routing > #given an invalid event task id #when the adapter appends an audit event #then store rejection is contained [1.20ms]
(pass) task engine runner routing > #given a process-mode spawn #when the manager launches #then the process runner receives the spec and the in-process runner does not [1.94ms]
(pass) task engine runner routing > #given an in-process spawn #when the manager launches #then the in-process runner receives the spec and the process runner does not [1.52ms]

packages/omo-senpi/src/components/task/session-transition-bridge.test.ts:
(pass) createSessionTransitionBridge transition marking > #given a session about to switch #when onBeforeSwitch fires #then the runtime enters the switching transition [0.16ms]
(pass) createSessionTransitionBridge transition marking > #given a session about to compact #when onBeforeCompact fires #then the runtime enters the compacting transition [0.05ms]
(pass) createSessionTransitionBridge transition marking > #given a session shutting down #when onShutdown fires #then the runtime enters the shutdown transition [0.04ms]
(pass) createSessionTransitionBridge transition marking > #given no pending transition #when a fresh session starts #then no flush is attempted [0.05ms]
(pass) createSessionTransitionBridge buffered-completion round trip > #given a completion buffered during compaction #when the same session compacts through #then the buffered completion is flushed and delivered [0.27ms]
(pass) createSessionTransitionBridge buffered-completion round trip > #given a completion buffered before a switch #when a different session replaces it #then the completion is dropped, not delivered [0.10ms]
(pass) createSessionTransitionBridge buffered-completion round trip > #given a completion buffered before a switch #when the same session resumes #then the buffered completion is delivered [0.07ms]

packages/omo-senpi/src/components/task/status-ui-spend.test.ts:
(pass) createTaskStatusUi spend > #given live solo and process-member rows with cost facts #when rendered #then cost sits before tps without cache rate [1.79ms]

packages/omo-senpi/src/components/task/message-renderers.test.ts:
(pass) task-family custom message renderers > #given terminal control injection #when rendering task completion #then structured CJK details are sanitized [0.33ms]
(pass) task-family custom message renderers > #given structured completion details #when rendering #then user-facing task facts replace protocol tags [0.10ms]
(pass) task-family custom message renderers > #given a liveness event #when rendering #then member state and a sanitized crash reason are visible [0.08ms]
(pass) task-family custom message renderers > #given a completed team member with a long target #when rendering at 140 cells #then minute duration tools and tps remain visible [0.10ms]
(pass) task-family custom message renderers > #given a long completion continuation #when rendering at 54 cells #then the actual-width excerpt preserves English word boundaries [0.13ms]

packages/omo-senpi/src/components/task/planner-runtime-fallback.test.ts:
(pass) createTaskChildPlanner runtime fallback > #given a category with configured runtime fallbacks #when planned #then requested and ordered fallback metadata are preserved [1.83ms]
(pass) createTaskChildPlanner runtime fallback > #given a builtin category whose chain head is unavailable #when planned #then the remaining chain rungs become fallback models [0.17ms]
(pass) createTaskChildPlanner runtime fallback > #given a user fallback that lands on a chain rung #when planned #then the user entry keeps priority and only later chain rungs append [0.13ms]

packages/omo-senpi/src/components/task/team-service-support.test.ts:
(pass) makeShutdownMessenger > #given a mapped running member #when a shutdown notice is sent #then the notice steers into the running turn [2.62ms]

packages/omo-senpi/src/components/task/planner-agent-effort.test.ts:
(pass) agent plans carrying configured effort > #given an agent model entry with effort #when planned #then the effort becomes the child variant [1.91ms]
(pass) agent plans carrying configured effort > #given an agent carrying both variant and effort #when planned #then effort wins exactly as it does for a category [0.09ms]
(pass) agent plans carrying configured effort > #given an agent level variant and a per entry effort #when planned #then the per entry effort still reaches the child [0.07ms]
(pass) agent plans carrying configured effort > #given an agent with plain string models #when planned #then no variant is invented [0.08ms]

packages/omo-senpi/src/components/task/resumption-channel-emitter.test.ts:
(pass) createResumptionChannelEmitter > #given a background child #when it spawns and then reaches a terminal state #then snapshots transition from one channel to zero [0.44ms]
(pass) createResumptionChannelEmitter > #given a foreground owned team member #when the snapshot is emitted #then the member counts as active [0.10ms]
(pass) createResumptionChannelEmitter > #given a foreground owned team member resolved through the real ownership helper #when the session snapshot is emitted #then the member counts as active [1.81ms]
(pass) createResumptionChannelEmitter > #given an active child count of one #when a store mutation preserves that count #then no duplicate snapshot is emitted [0.11ms]
(pass) createResumptionChannelEmitter > #given an ExtensionAPI without events #when the emitter lifecycle is driven #then registration and emissions are harmless no-ops [0.10ms]
(pass) createResumptionChannelEmitter > #given the local event contract #when the literal is inspected #then it exactly matches the harness event name [0.04ms]

packages/omo-senpi/src/components/task/skill-invocation-tracker.test.ts:
(pass) createSkillInvocationTracker > #given a read of an ulw-plan SKILL.md #when the tool result arrives #then the session has invoked ulw-plan [0.15ms]
(pass) createSkillInvocationTracker > #given a read of a start-work SKILL.md #when the tool result arrives #then the session has invoked start-work [0.07ms]
(pass) createSkillInvocationTracker > #given a read of a non-skill file #when the tool result arrives #then nothing is recorded [0.07ms]
(pass) createSkillInvocationTracker > #given a failed read of a skill file #when the tool result arrives #then nothing is recorded [0.06ms]
(pass) createSkillInvocationTracker > #given a non-read tool result naming a skill path #when it arrives #then nothing is recorded [0.06ms]
(pass) createSkillInvocationTracker > #given a slash skill input #when the input arrives #then the named skill is recorded [0.06ms]
(pass) createSkillInvocationTracker > #given a plain input mentioning a skill #when the input arrives #then nothing is recorded [0.06ms]
(pass) createSkillInvocationTracker > #given an invocation in session A #when session B is queried #then it stays locked [0.06ms]
(pass) createSkillInvocationTracker > #given an invocation followed by session shutdown #when the session is queried #then the state is dropped [0.07ms]
(pass) createSkillInvocationTracker > #given a windows-style skill path #when the tool result arrives #then the skill is recorded [0.06ms]
(pass) createSkillInvocationTracker - user-request channel > #given a plain user input asking for ulw plan #when it arrives #then it is recorded as a user request but not an invocation [0.10ms]
(pass) createSkillInvocationTracker - user-request channel > #given a slash skill input #when it arrives #then it counts as both an invocation and a user request [0.05ms]
(pass) createSkillInvocationTracker - user-request channel > #given an ulw-plan mention only inside an ultrawork-mode block #when the input arrives #then no user request is recorded [0.05ms]
(pass) createSkillInvocationTracker - user-request channel > #given an ulw-plan mention only inside a system-reminder block #when the input arrives #then no user request is recorded [0.05ms]
(pass) createSkillInvocationTracker - plan-artifact channel > #given a write into a worktree .omo/plans file #when the tool result arrives #then the session has a plan artifact [0.06ms]
(pass) createSkillInvocationTracker - plan-artifact channel > #given an edit of a relative .omo/plans path #when the tool result arrives #then the artifact is recorded [0.05ms]
(pass) createSkillInvocationTracker - plan-artifact channel > #given a read of a plan file written by a planning child #when the tool result arrives #then the artifact is recorded [0.05ms]
(pass) createSkillInvocationTracker - plan-artifact channel > #given an apply_patch whose patch body touches .omo/plans #when the tool result arrives #then the artifact is recorded [0.06ms]
(pass) createSkillInvocationTracker - plan-artifact channel > #given non-plan writes and failed plan writes #when the tool results arrive #then no artifact is recorded [0.07ms]
(pass) createSkillInvocationTracker - plan-artifact channel > #given a recorded request and artifact followed by session shutdown #when queried #then all state is dropped [0.07ms]

packages/omo-senpi/src/components/task/task-component.test.ts:
(pass) OMO Senpi task component fallback completion > #given duplicate terminal delivery #when the task component notifies the lead #then it reports model fallback once at terminal completion [0.21ms]

packages/omo-senpi/src/components/task/status-ui.test.ts:
(pass) createTaskStatusUi.syncNow > #given a list-only manager #when a static running row renders #then no animation timer starts [1.65ms]
(pass) createTaskStatusUi.syncNow > #given two running tasks in the current session #when syncing #then footer and two widget rows render scoped to the session [0.10ms]
(pass) createTaskStatusUi.syncNow > #given controls across a stale malformed running record #when syncing #then rows sanitize controls without damaging CJK [0.14ms]
(pass) createTaskStatusUi.syncNow > #given no captured ui context #when syncing #then it is a no-op [0.04ms]
(pass) createTaskStatusUi.syncNow > #given a non-tui mode #when syncing #then UI is skipped [0.04ms]
(pass) createTaskStatusUi.syncNow > #given all tasks terminal #when syncing #then the widget is cleared [0.05ms]
(pass) createTaskStatusUi.scheduleSync > #given a just-started background child #when scheduling #then it subscribes before debounce fires [0.07ms]
(pass) createTaskStatusUi.scheduleSync > #given several rapid schedule calls #when debounce fires #then syncNow runs once [0.09ms]
(pass) createTaskStatusUi.scheduleSync > #given a pending debounce #when disposed #then the timer clears without rendering [0.07ms]

packages/omo-senpi/src/components/telemetry/telemetry.test.ts:
(pass) omo-senpi telemetry daily activity > #given no daily stamp #when session_start fires #then first session emits daily-active telemetry [2.63ms]
(pass) omo-senpi telemetry daily activity > #given a same-day stamp #when session_start fires again #then second same-day session does not emit [0.57ms]
(pass) omo-senpi telemetry daily activity > #given product disable opt-out #when session_start fires #then opt-out suppresses emission and stamp writes [0.19ms]
(pass) omo-senpi telemetry daily activity > #given product anonymous telemetry opt-out #when session_start fires #then opt-out suppresses emission and stamp writes [0.13ms]
(pass) omo-senpi telemetry daily activity > #given global opt-out #when session_start fires #then opt-out suppresses emission and stamp writes [0.12ms]
(pass) omo-senpi telemetry daily activity > #given SENPI_CODING_AGENT_DIR #when telemetry records #then stamp file location respects the isolated senpi agent dir [0.59ms]

packages/omo-senpi/src/components/telemetry/omo-native-notice.test.ts:
(pass) OmO Native telemetry notice and preview > #given no config file #when preview loads config #then it reports the resolved enabled state [1.23ms]
(pass) OmO Native telemetry notice and preview > #given telemetry enabled false #when preview loads config #then it reports the resolved enabled state [0.94ms]
(pass) OmO Native telemetry notice and preview > #given telemetry enabled true #when preview loads config #then it reports the resolved enabled state [0.57ms]
(pass) OmO Native telemetry notice and preview > #given malformed existing config #when preview loads config #then it reports disabled and emits a diagnostic [0.63ms]
(pass) OmO Native telemetry notice and preview > #given unreadable existing config #when preview loads config #then it reports disabled and emits a diagnostic [0.62ms]
(pass) OmO Native telemetry notice and preview > #given enabled telemetry #when two consecutive session_start events fire #then the notice is sent exactly once [0.73ms]
(pass) OmO Native telemetry notice and preview > #given the unconfigured project key #when session_start fires #then no first-run notice is sent [0.24ms]
(pass) OmO Native telemetry notice and preview > #given DO_NOT_TRACK=1 #when session_start fires #then no notice is sent [0.17ms]
(pass) OmO Native telemetry notice and preview > #given an unwritable marker directory #when session_start fires twice #then notice is skipped with one diagnostic and no crash [0.45ms]
(pass) OmO Native telemetry notice and preview > #given a stale marker #when a later registration starts a session #then the notice stays suppressed [0.52ms]
(pass) OmO Native telemetry notice and preview > #given two racing session_start events #when both attempt the first notice #then the marker admits only one notification [0.52ms]
(pass) OmO Native telemetry notice and preview > #given the first notification send throws #when another session starts #then the persisted marker prevents a retry [0.60ms]
(pass) OmO Native telemetry notice and preview > #given captured payloads #when omo-telemetry runs #then output includes enabled state, full opt-out matrix, event names, and payload content [0.55ms]
(pass) OmO Native telemetry notice and preview > #given last-payloads.json is absent or corrupt #when omo-telemetry runs #then each state prints a clear audit result without throwing [0.55ms]

packages/omo-senpi/src/components/telemetry/omo-native-session.test.ts:
(pass) OmO Native session telemetry > #given DO_NOT_TRACK #when session_start fires #then native and legacy telemetry both emit nothing [0.89ms]
(pass) OmO Native session telemetry > #given omo.json telemetry.enabled false #when session_start fires #then native and legacy telemetry both emit nothing [1.05ms]
(pass) OmO Native session telemetry > #given no config file #when session_start loads config #then telemetry matches the resolved setting [1.80ms]
(pass) OmO Native session telemetry > #given telemetry enabled false #when session_start loads config #then telemetry matches the resolved setting [0.74ms]
(pass) OmO Native session telemetry > #given telemetry enabled true #when session_start loads config #then telemetry matches the resolved setting [1.31ms]
(pass) OmO Native session telemetry > #given malformed existing config #when session_start loads config #then telemetry is disabled and a diagnostic is emitted [0.82ms]
(pass) OmO Native session telemetry > #given unreadable existing config #when session_start loads config #then telemetry is disabled and a diagnostic is emitted [0.81ms]
(pass) OmO Native session telemetry > #given enabled telemetry #when two clients start today and one starts tomorrow #then native daily_active emits once per UTC day [1.95ms]
(pass) OmO Native session telemetry > #given real-shape providers/defaultProvider/defaultModel fixtures #when session_started emits #then inventory is masked and the key set is exact [1.30ms]
(pass) OmO Native session telemetry > #given an existing same-day legacy marker #when the native session path runs #then its bytes stay unchanged and native uses its separate marker [1.28ms]
(pass) OmO Native session telemetry > #given corrupt models.json #when session_start fires #then counts are zero, defaults are omitted, and one diagnostic is reported [1.33ms]
(pass) OmO Native session telemetry > #given absent inventory #when session_start fires #then counts are zero, defaults are omitted, and one diagnostic is reported [1.04ms]
(pass) OmO Native session telemetry > #given an empty providers dictionary #when session_start fires #then inventory is valid and empty without a diagnostic [1.09ms]
(pass) OmO Native session telemetry > #given an injected timer #when session_shutdown fires #then the native client flushes once and uses the 1000ms bound [1.27ms]

packages/omo-senpi/src/components/telemetry/telemetry.payload.test.ts:
(pass) omo-senpi telemetry payloads > #given telemetry component and telemetry-core builder #when session_start captures through injected transport #then payload equivalence holds [1.10ms]
(pass) omo-senpi telemetry payloads > #given missing env and empty session payload #when session_start fires #then defaults are safe and no exception escapes [0.50ms]
(pass) omo-senpi telemetry payloads > #given a hanging transport #when session_start fires #then send failure does not block the session_start path [0.71ms]

packages/omo-senpi/src/components/telemetry/omo-native-component.test.ts:
(pass) OmO Native telemetry component integration > #given the real component list #when composed #then telemetry input classification registers before ultrawork [0.13ms]
(pass) OmO Native telemetry component integration > #given an enabled composed component #when the full host sequence dispatches #then the exact event stream is captured in order [4.08ms]
(pass) OmO Native telemetry component integration > #given the telemetry disable flag #when the full component is composed #then native and legacy capture zero events [0.53ms]
(pass) OmO Native telemetry component integration > #given shutdown and restart plus repeated interruption #when sessions cycle #then client state is fresh and shutdown never throws [2.19ms]

packages/omo-senpi/src/components/telemetry/omo-native-turns.test.ts:
(pass) OmO Native turn telemetry > #given provider and model identities #when masked #then each field is decided independently [1.94ms]
(pass) OmO Native turn telemetry > #given an assistant turn #when it ends #then exactly one allowlisted turn_completed payload is emitted [0.11ms]
(pass) OmO Native turn telemetry > #given reasoning is absent #when the assistant turn ends #then reasoning is zero and not added to total [0.06ms]
(pass) OmO Native turn telemetry > #given a non-assistant AgentMessage #when turn_end fires #then no event is emitted [0.04ms]
(pass) OmO Native turn telemetry > #given missing usage #when the assistant turn ends #then zero values and one diagnostic are emitted [0.07ms]
(pass) OmO Native turn telemetry > #given malformed usage #when the assistant turn ends #then invalid values become zero with one diagnostic [0.06ms]
(pass) OmO Native turn telemetry > #given successive assistant turns #when emitted #then turn_index follows the host monotonically [0.05ms]

packages/omo-senpi/src/components/telemetry/omo-native-buffer.test.ts:
(pass) OmO Native payload buffer > #given 60 captures #when retained in memory #then the last 50 remain in FIFO order [9.46ms]
(pass) OmO Native payload buffer > #given an event client observer #when capture succeeds #then the preview file matches the buffer [0.45ms]
(pass) OmO Native payload buffer > #given stale preview content #when a payload is captured #then the file is atomically replaced rather than appended [0.40ms]
(pass) OmO Native payload buffer > #given oversized payloads #when mirrored #then the JSON file stays within 64KB [22.38ms]
(pass) OmO Native payload buffer > #given 100 tight-loop captures #when each mirror replaces the prior file #then the final JSON is complete and uncorrupted [15.09ms]
(pass) OmO Native payload buffer > #given an unwritable state directory #when capture repeats #then memory continues and one diagnostic is emitted [0.38ms]
(pass) OmO Native payload buffer > #given circular and undefined values #when capture is observed #then capture never throws or creates corrupt JSON [1.60ms]

packages/omo-senpi/src/components/telemetry/product-identity.test.ts:
(pass) OmO Native product identity > #given the native product #when config is created #then identity derivation and effective geoip settings are fixed [0.16ms]
(pass) OmO Native product identity > #given an explicit agent directory #when the native state path is resolved #then it is nested under omo-senpi [0.23ms]
(pass) OmO Native product identity > #given a machine state directory #when session ids are hashed #then the persisted salt is stable and raw ids stay distinct [0.56ms]
(pass) OmO Native product identity > #given a deleted salt #when another session id is hashed #then the salt is recreated without throwing [0.45ms]
(pass) OmO Native product identity > #given an unwritable state path #when a session id is hashed #then fallback identity stays stable without throwing [0.10ms]
(pass) OmO Native product identity > #given a known provider with an unknown custom model #when masked #then only model_id becomes custom [0.05ms]
(pass) OmO Native product identity > #given senpi-task builtins #when telemetry allowlists are loaded #then names exactly match imported sources [0.07ms]
(pass) OmO Native product identity > #given static telemetry inventories #when inspected #then they and every property allowlist are frozen [0.12ms]

packages/omo-senpi/src/components/telemetry/schema-doc.test.ts:
(pass) OmO Native telemetry schema documentation > #given the product allowlists #when the reference is checked #then the generated schema block is byte exact [1.66ms]
(pass) OmO Native telemetry schema documentation > #given an empty property schema #when generation is attempted #then no corrupt block is emitted [0.10ms]

packages/omo-senpi/src/components/telemetry/omo-native-tools.test.ts:
(pass) OmO Native tool telemetry > #given a builtin SKILL.md #when a namespaced Read result arrives #then the exact builtin skill is emitted [2.60ms]
(pass) OmO Native tool telemetry > #given outside, custom, traversal, symlink, and injected skill paths #when read results arrive #then no skill name is emitted [1.24ms]
(pass) OmO Native tool telemetry > #given canonical Windows paths #when builtin paths vary by case or namespace #then the builtin skill is matched [0.07ms]
(pass) OmO Native tool telemetry > #given canonical Windows paths outside the builtin root #when matched #then no skill name is emitted [0.06ms]
(pass) OmO Native tool telemetry > #given a background category batch of three #when task completes #then every item uses the batch bucket [0.43ms]
(pass) OmO Native tool telemetry > #given subagent and unknown category spawns #when task completes #then allowlisted names pass and unknown names are custom [0.32ms]
(pass) OmO Native tool telemetry > #given feature tools across two sessions #when repeated #then each feature emits once per session [0.40ms]
(pass) OmO Native tool telemetry > #given a session shutdown #when the same id starts using features again #then stale dedup state is cleared [0.33ms]
(pass) OmO Native tool telemetry > #given tool_result without input #when handled #then it is ignored with a diagnostic [0.34ms]
(pass) OmO Native tool telemetry > #given all tool telemetry events #when captured #then payload keys exactly match the product allowlists [0.64ms]

packages/omo-senpi/src/components/telemetry/omo-native-prompt.test.ts:
(pass) OmO Native prompt telemetry > #given canonical ultrawork prompts #when dispositions arrive #then pre-mutation classifications and buckets are emitted [0.42ms]
(pass) OmO Native prompt telemetry > #given suppression and source cases #when submitted #then skill names do not match and extension prompts stay non-real [0.13ms]
(pass) OmO Native prompt telemetry > #given queued steering and duplicate dispositions #when handled #then queue semantics emit exactly once [0.10ms]
(pass) OmO Native prompt telemetry > #given telemetry snapshots before the mutating handler #when arming changes before disposition #then first arm is preserved [0.09ms]
(pass) OmO Native prompt telemetry > #given every disposition and prompt size boundary #when emitted #then queue, length, and ordinal buckets are stable per session [0.17ms]
(pass) OmO Native prompt telemetry > #given pending input at shutdown #when shutdown flushes then a late disposition arrives #then one other-mode event remains [0.09ms]
(pass) OmO Native prompt telemetry > #given malformed and adversarial inputs #when dispatched #then valid text emits without retaining text and missing ids are ignored [0.24ms]

packages/omo-senpi/src/components/fallback-architect/detection.test.ts:
(pass) fallback-architect detection > #given an assistant message that the classifier stopped > #when stopDetails marks a refusal > #then reports the message as refusal-like [1.48ms]
(pass) fallback-architect detection > #given an assistant message that the classifier stopped > #when stopDetails marks sensitive content > #then reports the message as refusal-like [0.07ms]
(pass) fallback-architect detection > #given a provider policy rejection carried only in errorMessage > #when the error text matches the Anthropic usage policy wording > #then reports the message as refusal-like for an error stop [0.08ms]
(pass) fallback-architect detection > #given a provider policy rejection carried only in errorMessage > #when the error text matches the Anthropic usage policy wording > #then reports the message as refusal-like for a toolUse stop [0.05ms]
(pass) fallback-architect detection > #given messages that are not refusals > #when the stop is an ordinary transient failure > #then reports the message as not refusal-like [0.03ms]
(pass) fallback-architect detection > #given messages that are not refusals > #when the message completed normally > #then reports the message as not refusal-like [0.03ms]
(pass) fallback-architect detection > #given messages that are not refusals > #when the message is not from the assistant > #then reports the message as not refusal-like [0.04ms]
(pass) fallback-architect detection > #given messages that are not refusals > #when an aborted message still carries stale refusal details > #then the stop reason wins and the message is not refusal-like [0.04ms]
(pass) fallback-architect detection > #given messages that are not refusals > #when the payload is malformed > #then returns false instead of throwing [0.04ms]
(pass) fallback-architect detection > #given a model descriptor > #when the id is claude-fable-5 > #then matches regardless of provider [0.04ms]
(pass) fallback-architect detection > #given a model descriptor > #when the id is another model > #then does not match [0.03ms]
(pass) fallback-architect detection > #given raw extension payloads > #when the payload is a well formed model_select event > #then the guard accepts it [0.05ms]
(pass) fallback-architect detection > #given raw extension payloads > #when the payload is missing required fields > #then the guard rejects it without throwing [0.04ms]
(pass) fallback-architect detection > #given raw extension payloads > #when the payload is a well formed message_end event > #then the guard accepts it and rejects junk [0.05ms]

packages/omo-senpi/src/components/fallback-architect/fallback-architect.test.ts:
(pass) fallback-architect component > #given a classifier refusal on claude-fable-5 > #when the session falls back to a weaker model > #then it injects exactly one hidden directive naming both models [0.47ms]
(pass) fallback-architect component > #given a classifier refusal on claude-fable-5 > #when the session falls back to a weaker model > #then it also shows exactly one visible notice with structured model details [0.12ms]
(pass) fallback-architect component > #given a classifier refusal on claude-fable-5 > #when the session falls back to a weaker model > #then it registers a renderer for the visible notice message [0.06ms]
(pass) fallback-architect component > #given a provider policy rejection with no stopDetails > #when the session falls back > #then it still injects the directive [0.08ms]
(pass) fallback-architect component > #given a fallback that no refusal preceded > #when a transient failure moves the session off fable 5 > #then nothing is injected [0.06ms]
(pass) fallback-architect component > #given a fallback that no refusal preceded > #when a successful answer precedes the fallback > #then the stale refusal flag does not survive [0.07ms]
(pass) fallback-architect component > #given a refusal on a model that is not fable 5 > #when the session falls back > #then nothing is injected [0.05ms]
(pass) fallback-architect component > #given the architect category is unavailable > #when a refusal fallback happens > #then nothing is injected [0.06ms]
(pass) fallback-architect component > #given the default gate and a live model registry in the event context > #when a refusal fallback happens > #then the gate receives the registry from the event context [0.09ms]
(pass) fallback-architect component > #given the default gate and a live model registry in the event context > #when a refusal fallback happens > #then a context without a registry still gates on config alone [0.08ms]
(pass) fallback-architect component > #given the component is disabled by flag > #when a refusal fallback happens and the user prompts again > #then neither the directive nor a reminder is injected [0.09ms]
(pass) fallback-architect component > #given an active refusal fallback > #when the user sends further prompts > #then each prompt carries exactly one reminder and the input is never rewritten [0.11ms]
(pass) fallback-architect component > #given an active refusal fallback > #when the prompt was queued while the agent was streaming > #then the reminder still rides as a hidden message and the typed text is never rewritten [0.14ms]
(pass) fallback-architect component > #given an active refusal fallback > #when a refusal fallback follows an aborted message carrying stale refusal details > #then nothing is injected [0.05ms]
(pass) fallback-architect component > #given an active refusal fallback > #when the input came from an extension rather than the user > #then no reminder is injected [0.06ms]
(pass) fallback-architect component > #given an active refusal fallback > #when the chain falls back a second time from the weaker model > #then no second directive is injected and the state stays active [0.08ms]
(pass) fallback-architect component > #given an active refusal fallback > #when fable 5 becomes the active model again > #then the reminder stops [0.06ms]
(pass) fallback-architect component > #given an active refusal fallback > #when the fallback is reverted by senpi > #then the reminder stops [0.07ms]
(pass) fallback-architect component > #given malformed host payloads > #when they reach the handlers > #then the component ignores them without throwing [0.30ms]

packages/omo-senpi/src/components/fallback-architect/directive.test.ts:
(pass) fallback-architect directive > #given the custom message types > #when a consumer reads them > #then they are the wire values senpi persists [0.09ms]
(pass) fallback-architect directive > #given a refusal driven fallback between two models > #when the full directive is built > #then it names both models [0.04ms]
(pass) fallback-architect directive > #given a refusal driven fallback between two models > #when the full directive is built > #then it routes the model to the architect category [0.03ms]
(pass) fallback-architect directive > #given a refusal driven fallback between two models > #when the full directive is built > #then it is wrapped in the matched marker pair [0.04ms]
(pass) fallback-architect directive > #given a refusal driven fallback between two models > #when the full directive is built > #then it identifies the architect consultant as the same Fable 5 model [0.04ms]
(pass) fallback-architect directive > #given a refusal driven fallback between two models > #when the full directive is built > #then it names the content Fable 5 is sensitive about [0.03ms]
(pass) fallback-architect directive > #given a refusal driven fallback between two models > #when the full directive is built > #then it demands queries composed to read as legitimate engineering work [0.03ms]
(pass) fallback-architect directive > #given a refusal driven fallback between two models > #when the full directive is built > #then it prescribes the refusal recovery instead of resending the query [0.03ms]
(pass) fallback-architect directive > #given a refusal driven fallback between two models > #when the full directive is built > #then it tells the model the user was shown a visible tip about the refusal [0.03ms]
(pass) fallback-architect directive > #given a refusal driven fallback between two models > #when the compact reminder is built > #then it names the refused model and the architect route [0.03ms]
(pass) fallback-architect directive > #given a refusal driven fallback between two models > #when the compact reminder is built > #then it carries the compact Fable 5 refusal-avoidance guidance [0.03ms]
(pass) fallback-architect directive > #given a refusal driven fallback between two models > #when the compact reminder is built > #then it stays shorter than the full directive [0.04ms]

packages/omo-senpi/src/components/fallback-architect/notice.test.ts:
(pass) fallback-architect notice > #given a refusal driven fallback off fable 5 > #when the directive arms > #then exactly one visible upgrade notice carries structured details [0.25ms]
(pass) fallback-architect notice > #given a refusal driven fallback off fable 5 > #when the directive arms > #then a TUI renderer is registered for the notice type [0.06ms]
(pass) fallback-architect notice > #given a refusal driven fallback off fable 5 > #when the chain falls back a second time from the weaker model > #then no second notice is emitted [0.08ms]
(pass) fallback-architect notice > #given known and unknown model selectors > #when friendly names are derived > #then known models map to display names and unknown ones keep their id [0.06ms]

packages/omo-senpi/src/components/fallback-architect/tip-message.test.ts:
(pass) fallback-architect tip message > #given the custom message type > #when a consumer reads it > #then it is the wire value senpi persists [0.08ms]
(pass) fallback-architect tip message > #given a refusal fallback from fable 5 to a weaker model > #when the tip text is built > #then it names the actual fallback model [0.04ms]
(pass) fallback-architect tip message > #given a refusal fallback from fable 5 to a weaker model > #when the tip text is built > #then it says the refusal should not wear the user down because the essence is still reasoned through [0.03ms]
(pass) fallback-architect tip message > #given a refusal fallback from fable 5 to a weaker model > #when the tip text is built > #then it points at the architect category for fable-5-grade depth [0.04ms]
(pass) fallback-architect tip message > #given a refusal fallback from fable 5 to a weaker model > #when the tip text is built > #then it ends with a pointer line containing give-me-tips [0.04ms]
(pass) fallback-architect tip message > #given a persisted tip message > #when the renderer draws it > #then the first line carries the Tip: label [0.03ms]
(pass) fallback-architect tip message > #given a persisted tip message > #when the renderer draws it > #then every line is dimmed through the theme [0.07ms]
(pass) fallback-architect tip message > #given a persisted tip message > #when the renderer draws it > #then the tip content survives rendering [0.06ms]

packages/omo-senpi/src/components/fallback-architect/architect-gate.test.ts:
(pass) architect gate > #given a project config that declares the architect category > #when the gate is evaluated > #then the category counts as active [1.28ms]
(pass) architect gate > #given a project config that disables the architect category > #when the gate is evaluated > #then the category does not count as active [0.76ms]
(pass) architect gate > #given a project config without an architect category > #when the gate is evaluated > #then the category does not count as active [0.67ms]
(pass) architect gate > #given no omo config at all > #when the gate is evaluated > #then it returns false instead of throwing [0.54ms]
(pass) architect gate > #given no user architect entry but a live registry exposing the gate model > #when the gate is evaluated with that registry > #then the builtin architect category counts as active [0.75ms]
(pass) architect gate > #given no user architect entry and a live registry without the gate model > #when the gate is evaluated with that registry > #then the category does not count as active [0.71ms]
(pass) architect gate > #given a config that disables architect and a registry that exposes the gate model > #when the gate is evaluated > #then the explicit disable still wins over the runtime listing [0.68ms]
(pass) architect gate > #given no user architect entry and a registry whose getAvailable throws > #when the gate is evaluated > #then it degrades to the ungated runtime list instead of throwing [0.73ms]

packages/omo-senpi/src/components/agent-home/resolve-agent-home.test.ts:
(pass) resolveAgentHome > #given an explicitly configured agent directory > #when several prefixes are set > #then the branded name wins over the legacy names [1.97ms]
(pass) resolveAgentHome > #given an explicitly configured agent directory > #when several prefixes are set > #then each legacy name still works on its own [0.06ms]
(pass) resolveAgentHome > #given an explicitly configured agent directory > #when several prefixes are set > #then a blank value is ignored [0.04ms]
(pass) resolveAgentHome > #given no configured directory > #when the branded home holds engine state > #then the flat branded home is used [0.05ms]
(pass) resolveAgentHome > #given no configured directory > #when only the engine layout exists > #then the legacy agent directory is used [0.04ms]

packages/omo-senpi/src/components/onboarding/state.test.ts:
(pass) claimOnboarding > #given a fresh state dir #when claiming onboarding #then it succeeds and writes the marker [0.41ms]
(pass) claimOnboarding > #given an already-claimed state dir #when claiming again #then it returns false [0.32ms]
(pass) claimOnboarding > #given a corrupted marker file #when checking isOnboardingComplete #then it still returns true (existence-only) [0.33ms]
(pass) claimOnboarding > #given two concurrent child processes #when both call claimOnboarding after release #then exactly one wins [16.52ms]
(pass) getOnboardingMarkerMtime > #given a missing marker file #when getting mtime #then it returns null [0.18ms]
(pass) getOnboardingMarkerMtime > #given an existing marker file #when getting mtime #then it returns a number [0.26ms]
(pass) writeGlobalDecline / isGloballyDeclined > #given a fresh state dir #when writing global decline #then it is globally declined [0.35ms]
(pass) writeProjectDecline / isProjectDeclined > #given a fresh state dir and repoHash #when writing project decline #then it is project declined for that hash [0.35ms]
(pass) writeProjectDecline / isProjectDeclined > #given a project decline for one repo #when checking a different repo #then it is not declined [0.33ms]
(pass) writeCooldown / isCoolingDown > #given a cooldown written for a repo #when checking within the cooldown period #then it is cooling down [0.33ms]
(pass) writeCooldown / isCoolingDown > #given a cooldown written for a repo #when checking after the cooldown period #then it is not cooling down [0.29ms]
(pass) writeCooldown / isCoolingDown > #given no cooldown file #when checking #then it returns false [0.12ms]
(pass) writeCooldown / isCoolingDown > #given a corrupted cooldown file #when checking #then it returns false [0.44ms]
(pass) writeCooldown / isCoolingDown > #given a cooldown file with non-number until #when checking #then it returns false [0.41ms]
(pass) writeCooldown / isCoolingDown > #given a cooldown file with extra fields #when checking #then it still works (extra fields accepted) [0.37ms]

packages/omo-senpi/src/components/onboarding/component.test.ts:
(pass) createOnboardingComponent > #given a startup session #when session_start fires #then onboarding is claimed before bootstrap injection [0.36ms]
(pass) createOnboardingComponent > #given reason new #when session_start fires #then onboarding is not injected [0.08ms]
(pass) createOnboardingComponent > #given reason reload #when session_start fires #then onboarding is not injected [0.06ms]
(pass) createOnboardingComponent > #given reason resume #when session_start fires #then onboarding is not injected [0.04ms]
(pass) createOnboardingComponent > #given reason fork #when session_start fires #then onboarding is not injected [0.04ms]
(pass) createOnboardingComponent > #given the onboarding component is disabled #when startup fires #then onboarding is not injected [0.07ms]
(pass) createOnboardingComponent > #given force onboarding and an existing marker #when startup fires twice #then force injects only once per process [0.07ms]
(pass) createOnboardingComponent > #given an existing marker without force #when startup fires #then claim blocks onboarding injection [0.06ms]

packages/omo-senpi/src/components/todo-fanout-reminder/index.test.ts:
(pass) omo-senpi todo-fanout-reminder component > #given an ultrawork-armed session #when the first todo init result arrives #then exactly one system-reminder is appended with the fan-out decision and todo-freshness directives [0.32ms]
(pass) omo-senpi todo-fanout-reminder component > #given an armed session already reminded #when more todo results arrive #then no duplicate reminder is appended [0.08ms]
(pass) omo-senpi todo-fanout-reminder component > #given a session without ultrawork armed #when the first todo init result arrives #then no reminder is appended [0.05ms]
(pass) omo-senpi todo-fanout-reminder component > #given an armed session #when the todo result is an error #then no reminder is appended [0.05ms]
(pass) omo-senpi todo-fanout-reminder component > #given an armed session #when a non-todo tool result arrives #then no reminder is appended [0.06ms]
(pass) omo-senpi todo-fanout-reminder component > #given an armed session whose first todo op only views #when a task-adding op follows #then the reminder fires on the adding op [0.06ms]
(pass) omo-senpi todo-fanout-reminder component > #given a reminded session #when an accepted compaction arrives #then the gate resets and a later task-adding op reminds again [0.09ms]
(pass) omo-senpi todo-fanout-reminder component > #given a reminded session #when the session shuts down #then the gate is cleared [0.06ms]
(pass) omo-senpi todo-fanout-reminder component > #given a host exposing no session id #when todo results arrive #then the reminder fires once on the anonymous slot [0.06ms]
(pass) omo-senpi todo-fanout-reminder component > #given the component disabled flag #when an armed session adds todos #then no reminder is appended [0.07ms]

packages/omo-senpi/src/components/memory/palace/people.test.ts:
(pass) palace people graph > #given committed people cards #when the graph is collected #then nodes carry slug, name and kind from card frontmatter [436.47ms]
(pass) palace people graph > #given RELATIONSHIP card lines #when the graph is collected #then edges match those lines and resolve to known slugs [437.20ms]
(pass) palace people graph > #given a card line that is not a RELATIONSHIP #when the graph is collected #then it produces no edge [447.45ms]
(pass) palace people graph > #given an uncommitted people card #when the graph is collected #then the node is labelled as absent from the system prompt [444.94ms]
(pass) palace people graph > #given a repo without a people directory #when the graph is collected #then only the primary human node is present and no edges are derived [311.86ms]
(pass) palace people graph > #given people.enabled false #when the graph is collected #then no people section is produced [376.25ms]
(pass) palace people graph > #given a card whose entry exceeds the configured limit #when the graph is collected #then the diagnostic is surfaced with its card path [437.71ms]
(pass) palace people graph > #given people.enabled true #when the palace is generated #then the inline payload carries the derived graph [527.57ms]
(pass) palace people graph > #given people.enabled false #when the palace is generated #then the panel and its tab are absent [516.86ms]
(pass) palace people graph > #given a people card carrying a script-breakout payload #when the palace is generated #then the raw payload never reaches the document [569.23ms]

packages/omo-senpi/src/components/memory/palace/command.test.ts:
(pass) palace command > #given a bound identity #when the palace command is registered #then it exposes a description and handler [0.18ms]
(pass) palace command > #given darwin without remote-session env #when /palace runs #then the generated file is opened with open [442.29ms]
(pass) palace command > #given linux and win32 hosts #when /palace runs #then the platform opener is used [514.30ms]
(pass) palace command > #given a tmux or ssh session #when /palace runs #then the path is printed instead of opened [513.07ms]
(pass) palace command > #given a headless context #when /palace runs #then the path is returned as command output text [408.54ms]
(pass) palace command > #given no bound memory identity #when /palace runs #then it reports the unbound state without generating a file [0.20ms]

packages/omo-senpi/src/components/memory/palace/collectors.test.ts:
(pass) collectors preserves the established palace collector exports [0.16ms]

packages/omo-senpi/src/components/memory/palace/entry-collector.test.ts:
(pass) palace entry collector > #given a committed memory repo #when core entries are collected #then system files carry projection paths and bodies [362.63ms]
(pass) palace entry collector > #given committed binary and text assets #when external entries are collected #then binaries report size only and never content [376.85ms]
(pass) palace entry collector > #given a dirty working tree #when core entries are collected #then uncommitted files are labelled as absent from the system prompt [367.59ms]

packages/omo-senpi/src/components/memory/palace/history-collector.test.ts:
(pass) palace history collector > #given reflection and ordinary commits #when history is collected #then reflection commits are tagged and caps are declared [413.22ms]
(pass) palace history collector > #given merge and chore reflection subjects #when matched against the reflection pattern #then only reflection-scoped commits match [0.09ms]

packages/omo-senpi/src/components/memory/palace/reflection-collector.test.ts:
(pass) palace reflection collector > #given journal state and completion records #when reflection data is collected #then cursor state and recent outcomes are returned newest first [296.92ms]
(pass) palace reflection collector > #given more completion records than the limit #when reflection data is collected #then only the newest N are kept [308.51ms]

packages/omo-senpi/src/components/memory/palace/generator.test.ts:
(pass) palace generator machine gate > #given a fixture memory repo #when the palace is generated #then inline data pins the persona entry, HEAD sha and identity metadata [403.70ms]
(pass) palace generator machine gate > #given the default people gate #when the palace markup is parsed #then every tab has a matching panel [409.06ms]
(pass) palace generator machine gate > #given people collection disabled #when the palace markup is parsed #then only the four always-on tabs remain [402.53ms]
(pass) palace generator machine gate > #given the viewers runtime directory #when the palace is written #then the file is 0600 inside a 0700 directory [449.61ms]
(pass) palace generator machine gate > #given memory content carrying a script-breakout payload #when the palace is generated #then the raw payload never appears and the escaped form does [397.41ms]
(pass) palace generator machine gate > #given line-separator characters in memory content #when the palace is generated #then U+2028 and U+2029 are escaped in the inline payload [476.20ms]
(pass) palace generator machine gate > #given a self-contained requirement #when the palace html is inspected #then it references no external fonts or CDNs [379.87ms]
(pass) palace generator machine gate > #given a committed binary asset #when the palace is generated #then the external tab lists name and size but no binary body [372.40ms]

packages/omo-senpi/src/components/memory/commands/memfs.test.ts:
(pass) /memfs status > #given a clean repo #when status runs #then HEAD and a clean tree are reported at info level [580.53ms]
(pass) /memfs status > #given uncommitted changes #when status runs #then the dirty state is reported as a warning [554.87ms]
(pass) /memfs status > #given no repository #when status runs #then an actionable error is returned [0.48ms]
(pass) /memfs init > #given no repository #when init runs #then the repository is created [465.56ms]
(pass) /memfs init > #given an existing repository #when init runs #then it reports idempotently without error [536.30ms]
(pass) /memfs init > #given an unbound session with a config-resolved identity #when init runs #then it still initializes [460.87ms]
(pass) /memfs sync > #given no configured mirror #when sync runs #then an actionable error names /memory-repository [531.24ms]
(pass) /memfs sync > #given a reachable mirror #when sync runs #then the push is reported as successful [667.45ms]
(pass) /memfs repair > #given a skill missing name frontmatter #when repair runs #then hooks are reinstalled and the skill is repaired [526.42ms]
(pass) /memfs reset > #given interactive confirmation #when reset runs #then a backup is taken first and the repo is re-initialized [1015.29ms]
(pass) /memfs reset > #given a declined confirmation #when reset runs #then nothing is destroyed and no backup is written [518.53ms]
(pass) /memfs reset > #given a noninteractive session without --force #when reset runs #then it refuses and preserves the repo [529.53ms]
(pass) /memfs reset > #given a noninteractive session with --force #when reset runs #then the repo is backed up and reset [1003.14ms]
(pass) /memfs dispatch > #given no subcommand #when invoked #then usage lists every subcommand [528.12ms]
(pass) /memfs dispatch > #given an unknown subcommand #when invoked #then an actionable error is returned [526.48ms]

packages/omo-senpi/src/components/memory/commands/sleeptime.test.ts:
(pass) /sleeptime > #given default settings #when resolved and invoked #then machine values use their defaults without override flags [0.74ms]
(pass) /sleeptime > #given per-agent overrides #when resolved and invoked #then override values and flags win field by field [0.53ms]
(pass) /sleeptime > #given an unbound session #when invoked #then the command surfaces a structured error notification [0.09ms]

packages/omo-senpi/src/components/memory/commands/people.test.ts:
(pass) people graph derivation > #given three cards with four RELATIONSHIP lines #when the graph is derived #then nodes and edges match those lines exactly [637.45ms]
(pass) people graph derivation > #given a repository without any card #when the graph is derived #then it holds no node and no edge [551.60ms]
(pass) person query resolution > #given an alias #when the query resolves #then it hits the owning slug [607.81ms]
(pass) person query resolution > #given an unknown name #when the query resolves #then it misses with close slugs [607.71ms]
(pass) /people command > #given a fixture repository #when /people runs #then the derived roster and edge sets are surfaced through one notification [694.31ms]
(pass) /people command > #given an unknown name #when /people runs #then the structural query miss and error notification preserve close slugs [694.03ms]

packages/omo-senpi/src/components/memory/commands/skill-frontmatter.test.ts:
(pass) repairSkillNameFrontmatterContent > #given frontmatter without a name key #when repaired #then the directory name is inserted first [0.74ms]
(pass) repairSkillNameFrontmatterContent > #given an existing non-empty name #when repaired #then the content is untouched [0.11ms]
(pass) repairSkillNameFrontmatterContent > #given an empty name value #when repaired #then the line is replaced in place [0.06ms]
(pass) repairSkillNameFrontmatterContent > #given no frontmatter at all #when repaired #then the file is skipped with a reason [0.06ms]
(pass) repairSkillNameFrontmatterContent > #given a name needing quoting #when repaired #then the scalar is quoted [0.05ms]
(pass) repairMissingSkillNameFrontmatter > #given no skills directory #when repaired #then nothing is scanned [0.50ms]
(pass) repairMissingSkillNameFrontmatter > #given skill files in nested directories #when repaired #then only name-less files change [1.50ms]
(pass) repairMissingSkillNameFrontmatter > #given a repaired file and a skipped file #when the report is formatted #then both sections render [1.36ms]

packages/omo-senpi/src/components/memory/commands/init.test.ts:
(pass) /init > #given no repository #when invoked #then the repo is initialized and a standardized instruction turn follows waitForIdle [461.34ms]
(pass) /init > #given an existing repository #when invoked #then it refuses without overwriting and sends nothing [547.00ms]
(pass) /init > #given an unbound session #when invoked #then an actionable error is returned [0.18ms]

packages/omo-senpi/src/components/memory/commands/register.test.ts:
(pass) registerMemoryCommands > #given a fresh extension api #when the suite registers #then exactly the documented commands appear [1.93ms]
(pass) registerMemoryCommands > #given the registered suite #when each registration is inspected #then description, argumentHint, and handler are present [0.60ms]
(pass) registerMemoryCommands > #given a bound identity with a repository #when a registered handler runs #then it renders through the shared seams [564.43ms]

packages/omo-senpi/src/components/memory/commands/reflect.test.ts:
(pass) /reflect > #given free-text focus #when invoked #then a manual request is reserved and reported with its run id [0.68ms]
(pass) /reflect > #given --recent N #when invoked #then the journal filter carries the count [0.34ms]
(pass) /reflect > #given --conversation with ids #when invoked #then the ids are split into the request [0.31ms]
(pass) /reflect > #given an active run #when the sink queues the request #then the pending disposition is reported [0.28ms]
(pass) /reflect > #given a non-numeric --recent #when invoked #then a usage error is returned and no request is made [0.26ms]
(pass) /reflect > #given no reflection sink #when invoked #then an actionable error is returned [0.22ms]
(pass) /reflect > #given an unbound session #when invoked #then an actionable error is returned [0.07ms]
(pass) /reflect > #given reflection.enabled false #when invoked #then an error is returned and no request is submitted [0.21ms]
(pass) /reflect > #given reflection enabled in base but disabled by per-agent override #when invoked #then an error is returned and no request is submitted [0.21ms]

packages/omo-senpi/src/components/memory/commands/dream.test.ts:
(pass) /dream scoring and selection > #given the fixed letta-parity scoring vector #when scored #then the exact operands and total are reproduced [0.15ms]
(pass) /dream scoring and selection > #given --auto and focus #when invoked #then manual dream selection is delegated without explicit ids [0.58ms]
(pass) /dream scoring and selection > #given three conversations #when --recent 2 is invoked #then two conversations are chosen by last activity [3.24ms]
(pass) /dream scoring and selection > #given explicit conversation ids #when invoked #then their parsed selection is submitted unchanged [0.32ms]
(pass) /dream external transcript staging and target validation > #given a senpi JSONL transcript with a malformed line #when imported twice #then message ids are staged once [3.38ms]
(pass) /dream external transcript staging and target validation > #given non-session JSONL #when imported #then it is rejected without submitting a dream [0.49ms]
(pass) /dream external transcript staging and target validation > #given valid and escaping --to paths #when invoked #then only the memory-relative document is accepted [519.61ms]

packages/omo-senpi/src/components/memory/commands/search.test.ts:
(pass) /search > #given sessions on disk #when queried #then numbered results carry session id, date, role, snippet, and entry id [2.44ms]
(pass) /search > #given a hidden session #when queried with --include-hidden #then hidden results appear [1.23ms]
(pass) /search > #given no matching documents #when queried #then a no-results message is returned [1.08ms]
(pass) /search > #given an empty query #when invoked #then a usage error is returned [1.11ms]
(pass) /search > #given a missing sessions directory #when invoked #then an actionable error is returned [0.12ms]

packages/omo-senpi/src/components/memory/commands/args.test.ts:
(pass) parseCommandArgs > #given empty input #when parsed #then positionals and flags are empty [0.10ms]
(pass) parseCommandArgs > #given positionals and a valued flag #when parsed #then flag captures the next token [0.06ms]
(pass) parseCommandArgs > #given an equals-style flag #when parsed #then the inline value is used [0.05ms]
(pass) parseCommandArgs > #given a declared boolean flag before a positional #when parsed #then the positional is not swallowed [0.05ms]
(pass) parseCommandArgs > #given a flag at the end of input #when parsed #then it degrades to a boolean [0.04ms]

packages/omo-senpi/src/components/memory/commands/memory-repository.test.ts:
(pass) /memory-repository > #given a credentialed url #when set runs #then config is written and output is redacted [606.87ms]
(pass) /memory-repository > #given a configured mirror #when status runs #then the redacted url and ahead count render [569.16ms]
(pass) /memory-repository > #given no configured mirror #when status runs #then it reports the unconfigured state [513.64ms]
(pass) /memory-repository > #given a configured mirror #when unset runs #then the config key is removed [536.93ms]
(pass) /memory-repository > #given no configured mirror #when push runs #then an actionable error is returned [516.19ms]
(pass) /memory-repository > #given an unreachable mirror #when push runs #then the failure is reported with a redacted detail [597.68ms]
(pass) /memory-repository > #given set without a url #when invoked #then a usage error is returned [515.55ms]
(pass) /memory-repository > #given an unknown subcommand #when invoked #then an actionable error is returned [521.07ms]
(pass) /memory-repository > #given an unbound session #when invoked #then an actionable error is returned [0.17ms]

packages/omo-senpi/src/components/memory/commands/people-gate.test.ts:
(pass) people command people.enabled gate > #given people.enabled false #when /people runs #then it refuses without reading any record [548.90ms]
(pass) people command people.enabled gate > #given people.enabled true #when the suite registers #then /people is present [532.91ms]

packages/omo-senpi/src/components/memory/commands/recompile.test.ts:
(pass) /recompile > #given a bound identity #when invoked #then the prompt cache is busted for the next run [0.60ms]
(pass) /recompile > #given an unbound session #when invoked #then nothing is busted and an error is returned [0.11ms]

packages/omo-senpi/src/components/memory/commands/memory.test.ts:
(pass) /memory > #given a clean committed repo #when invoked #then the viewer lists HEAD, system bodies, and external names [613.73ms]
(pass) /memory > #given a dirty working tree #when invoked #then uncommitted changes render in a separate section [615.43ms]
(pass) /memory > #given no repository #when invoked #then an actionable error is returned [0.43ms]
(pass) /memory > #given an unbound session #when invoked #then an actionable error is returned [0.10ms]

packages/omo-senpi/src/components/memory/commands/doctor.test.ts:
(pass) /doctor > #given a healthy repository #when doctor runs #then every deterministic check passes [543.62ms]
(pass) /doctor > #given a persona still equal to the v1 seed #when doctor runs #then a soul-seed advisory is reported [532.46ms]
(pass) /doctor > #given a persona that diverged from the v1 seed #when doctor runs #then no soul-seed advisory fires [523.16ms]
(pass) /doctor > #given no repository #when doctor runs #then the repository check fails with an actionable hint [0.37ms]
(pass) /doctor > #given a memory file with invalid frontmatter #when doctor runs #then the sweep fails and names the file [523.94ms]
(pass) /doctor > #given a missing persona file #when doctor runs #then a persona warning is reported [505.30ms]
(pass) /doctor > #given a lock owned by a dead pid #when doctor runs #then the stale lock is reported with its path [539.74ms]
(pass) /doctor > #given a lock owned by a live pid #when doctor runs #then no stale lock is reported [539.92ms]
(pass) /doctor > #given an abandoned reservation run #when doctor runs #then manual-disposal paths are reported [532.32ms]
(pass) /doctor > #given an unregistered worktree directory #when doctor runs #then the orphan is reported [542.12ms]
(pass) /doctor > #given a system estimate over the warn threshold #when doctor runs #then a token advisory is reported [546.20ms]
(pass) /doctor > #given a skill missing name frontmatter #when doctor runs #then the repair helper reports the fix [535.20ms]
(pass) /doctor > #given an unbound session #when doctor runs #then an actionable error is returned [0.16ms]

packages/omo-senpi/src/components/memory/commands/people-ask.test.ts:
(pass) /people --ask > #given no evidence for the person #when --ask runs #then it abstains without launching a child [639.84ms]
(pass) /people --ask > #given card and observation evidence #when --ask runs #then the quick child receives that evidence and its answer renders [650.28ms]

packages/omo-senpi/src/components/memory/commands/remember.test.ts:
(pass) /remember > #given a bound identity #when invoked with text #then waitForIdle precedes a REMEMBER-style user turn [0.74ms]
(pass) /remember > #given empty text #when invoked #then a usage error is returned and nothing is sent [0.35ms]
(pass) /remember > #given an unbound session #when invoked #then an actionable error is returned and nothing is sent [0.14ms]

packages/omo-senpi/src/components/memory/commands/people-selection.test.ts:
(pass) observation selection > #given more observations than the per-level cap #when they are selected #then each level keeps the newest twenty, newest first [571.89ms]
(pass) observation selection > #given the all flag #when observations are selected #then every entry survives [564.26ms]
(pass) /people command > #given a person with observations #when /people <name> runs #then parsed card fields and capped observation selection are surfaced [648.85ms]

packages/omo-senpi/src/components/memory/commands/memfs-extra.test.ts:
(pass) /memfs backup > #given a repository #when backup runs #then a sibling memory-backup dir holds a copy [540.42ms]
(pass) /memfs backup > #given a backup already exists for the same clock #when backup runs again #then the existing backup is not clobbered [531.58ms]
(pass) /memfs restore > #given a named backup #when restore runs #then repo content is replaced and a safety backup is kept [530.68ms]
(pass) /memfs restore > #given no backups #when restore runs #then an actionable error is returned [528.20ms]
(pass) /memfs restore > #given backups and an interactive session #when restore runs without a name #then the user selects one [539.54ms]
(pass) /memfs restore > #given backups and a noninteractive session #when restore runs without a name #then available backups are listed [533.52ms]
(pass) /memfs restore > #given an unknown backup name #when restore runs #then an actionable error is returned [508.59ms]
(pass) /memfs diff > #given a clean tree #when diff runs #then no changes are reported at info level [525.30ms]
(pass) /memfs diff > #given tracked modifications #when diff runs #then the diff is returned as a warning [536.67ms]
(pass) /memfs tokens > #given system files #when tokens runs #then a bytes/4 estimate and per-file rows render [512.20ms]
(pass) /memfs tokens > #given no repository #when tokens runs #then an actionable error is returned [0.43ms]

packages/omo-senpi/src/components/memory/commands/tokens.test.ts:
(pass) estimateSystemTokens > #given no system directory #when estimated #then the total is zero [0.54ms]
(pass) estimateSystemTokens > #given system files including nested paths #when estimated #then tokens are bytes/4 per file sorted by size [1.17ms]
(pass) estimateSystemTokens > #given a file whose byte length is not divisible by four #when estimated #then the file rounds up [0.49ms]

packages/omo-senpi/src/components/memory/bindings/entry-renderer.test.ts:
(pass) renderMemoryBindingEntry > #given a persisted identity binding #when the TUI asks to render it #then it stays hidden and cannot produce model text [0.09ms]

packages/omo-senpi/src/components/memory/worker/run-reconciliation.test.ts:
(pass) reflection and dream run reconciliation > #given an orphaned successful dream worktree #when session-start reconciliation runs #then it merges clears the reservation records completion and publishes final [541.38ms]
(pass) reflection and dream run reconciliation > #given attempt two is live with a stale attempt-one outcome #when reconciled #then the retry remains active and its worktree stays intact [256.86ms]
(pass) reflection and dream run reconciliation > #given attempt two is being launched with a stale attempt-one outcome #when reconciled before the shared deadline #then the retry remains active [265.95ms]
(pass) reflection and dream run reconciliation > #given a failed child outcome with a valid commit #when reconciled #then output is never merged and the cursor remains retryable [340.28ms]
(pass) reflection and dream run reconciliation > #given genuinely gone processes with unknown liveness and no outcome #when the bounded watch expires #then the run is abandoned without cleanup or cursor advance [261.42ms]
(pass) reflection and dream run reconciliation > #given a dead identified supervisor and live identified child #when the shared deadline elapses #then reconciliation signals on the persisted timeline and cleans only after confirmed death [328.52ms]
(pass) reflection and dream run reconciliation > #given old pre-launch reservations with unverifiable or reused launcher pids #when reconciled #then only confirmed pid reuse releases the reservation [270.12ms]
(pass) reflection and dream run reconciliation > #given an old prelaunch worktree without a ledger and a confirmed-dead launcher #when reconciled #then resources and reservation are released [338.42ms]

packages/omo-senpi/src/components/memory/worker/run-terminal-claim.test.ts:
(pass) run terminal claim > #given a claim file left empty by a crash #when arbitration retries #then it recovers with one valid claim [5.38ms]
(pass) run terminal claim > #given a live publish claim #when abandonment claims #then the publisher keeps the claim [1.10ms]
(pass) run terminal claim > #given two claimants inspected the same malformed claim #when recovery races #then only one replacement wins [7.97ms]
(pass) run terminal claim > #given two claimants inspected the same confirmed-dead publish claim #when recovery races #then only one replacement wins [8.11ms]

packages/omo-senpi/src/components/memory/worker/spawn-supervisor.test.ts:
(pass) supervised child outcome authority > #given a matching durable outcome and a later supervisor failure #when the parent completes #then the outcome remains authoritative [15.28ms]

packages/omo-senpi/src/components/memory/worker/memory-model-attempts.test.ts:
(pass) runMemoryModelAttempts > #given an exact model-not-found startup error #when a fallback exists #then it retries the fallback [0.20ms]
(pass) runMemoryModelAttempts > #given a generic child failure #when a fallback exists #then it does not retry [0.10ms]
(pass) runMemoryModelAttempts > #given a timed-out child #when a fallback exists #then it does not retry [0.07ms]

packages/omo-senpi/src/components/memory/worker/run-finalization-settlement.test.ts:
(pass) run finalization settlement > #given settlement already cleared the active run #when retried #then completion and final are repaired without completing twice [3.25ms]
(pass) run finalization settlement > #given an active run #when settlement is retried after completion #then complete is called exactly once [4.09ms]
(pass) run finalization settlement > #given a legacy ledger without category after settlement #when completion identity cannot be reconstructed #then no falsified record is published [2.22ms]

packages/omo-senpi/src/components/memory/worker/completion.test.ts:
(pass) reflection completion flow > #given an existing consumed completion #when a retry ensures the same pending record #then consumed delivery is preserved [1.25ms]
(pass) reflection completion flow > #given an existing completion with a different outcome #when ensured #then corruption is rejected without overwrite [0.69ms]
(pass) reflection completion flow > #given no live source session #when completion is recorded #then it remains durable and pending [0.59ms]
(pass) reflection completion flow > #given a worker completion record #when the landed palace collector reads reflection outcomes #then runId outcome and finishedAt match its contract [1.31ms]
(pass) reflection completion flow > #given a pending offline completion #when its source session starts #then appendEntry notify and consumed state happen without a model message [0.94ms]

packages/omo-senpi/src/components/memory/worker/run-terminal-gate.test.ts:
(pass) run terminalization gate > #given a live terminal claimant #when outcome publication waits #then lock contention has no elapsed-time cutoff [3.04ms]

packages/omo-senpi/src/components/memory/worker/dream-dispatch.integration.test.ts:
(pass) dream worker dispatch > #given a dream with people disabled #when the worker launches #then it selects dream inputs and touches no people path [719.09ms]
(pass) dream worker dispatch > #given absent dream ledgers #when the worker launches #then it supplies readable empty objects [718.93ms]
(pass) dream worker dispatch > #given custom people limits #when the dream writes fixture entries #then it honors the resolved limits exactly [839.55ms]
(pass) dream worker dispatch > #given a memory document target #when the dream completes #then only that document is merged [758.22ms]

packages/omo-senpi/src/components/memory/worker/run-terminal-precedence.integration.test.ts:
(pass) run terminal precedence > #given abandonment owns the gate when the shipped supervisor child finishes successfully #when publication follows #then the matching outcome wins [573.25ms]

packages/omo-senpi/src/components/memory/worker/memory-run-supervisor.integration.test.ts:
(pass) memory run supervisor > #given a retryable model miss and a next attempt #when the supervisor publishes the outcome #then the ledger advances first [184.42ms]
(pass) memory run supervisor > #given a fixture launch manifest #when supervised #then identity is durable before the command starts and the outcome is published once [187.01ms]
(pass) memory run supervisor > #given a detached supervisor launched by a parent #when the parent is killed #then the supervisor still publishes the child outcome [194.60ms]
(pass) memory run supervisor > #given a bootstrap waiting for release #when its parent pipe closes #then it exits without starting the manifest command [24.67ms]
(pass) memory run supervisor > #given a released child #when the supervisor is killed abruptly #then the recorded live process group can be terminated [224.52ms]
(pass) memory run supervisor > #given a child that exits during termination grace #when the absolute deadline arrives #then timeout is recorded without escalation [248.21ms]
(pass) memory run supervisor > #given a child that ignores SIGTERM #when termination grace expires #then the process group is killed [310.30ms]

packages/omo-senpi/src/components/memory/worker/runner.integration.test.ts:
(pass) SenpiSubprocessRunner integration > #given conflicting base and agent reflection settings #when launched #then execution uses the agent category merge and timeout [788.33ms]
(pass) SenpiSubprocessRunner integration > #given a stub child that commits in its reflection worktree #when launched #then it merges records notifies and advances the cursor [768.28ms]
(pass) SenpiSubprocessRunner integration > #given a child sleeping beyond an injected hard deadline #when launched #then the process group times out and cleanup leaves the cursor retryable [452.30ms]
(pass) SenpiSubprocessRunner integration > #given an extension-only primary and a child-visible fallback #when the primary is missing in the clean child #then reflection retries and records the fallback [954.27ms]
(pass) SenpiSubprocessRunner integration > #given empty categories and no quick model #when launched twice in one session #then both fail without spawning and only one unsuppressed warning appears [223.51ms]
(pass) SenpiSubprocessRunner integration > #given a zero-exit child that modifies linked-worktree git administration #when completion validates #then it fails cleans up and leaves the cursor unmoved [524.44ms]

packages/omo-senpi/src/components/memory/worker/senpi-command.test.ts:
(pass) resolveSenpiLaunch > #given a Windows npm shim #when resolved #then Node launches the adjacent Senpi CLI [1.18ms]
(pass) resolveSenpiLaunch > #given no executable but an installed CLI #when resolved #then the current interpreter launches the CLI [0.32ms]
(pass) resolveSenpiLaunch > #given package lookup fails in a script-hosted Senpi process #when resolved #then the current entry script is retained [0.27ms]
(pass) resolveSenpiLaunch > #given no executable installed CLI or current entry #when resolved #then it fails instead of launching a bare interpreter [0.07ms]
(pass) resolveSenpiLaunch > #given the real restricted PATH fallback #when launched #then Senpi prints its version [50.51ms]

packages/omo-senpi/src/components/memory/worker/runner-finalization.test.ts:
(pass) live reflection run finalization > #given a successful supervised run #when the parent finalizer completes #then final is published after integration and the merge carries its run receipt [751.71ms]

packages/omo-senpi/src/components/memory/worker/run-reconciliation-handoff.test.ts:
(pass) retry handoff reconciliation > #given attempt one is being watched #when its outcome publishes after attempt two starts launching #then the retry remains active [2.62ms]

packages/omo-senpi/src/components/memory/worker/run-finalization-crash.test.ts:
(pass) reflection finalization crash recovery > #given integration landed before its checkpoint #when finalization retries #then receipt recovery settles exactly once [648.80ms]
(pass) reflection finalization crash recovery > #given merge cleanup and settlement completed before final publication #when retried #then completion and final repair without duplicate settlement [654.23ms]
(pass) reflection finalization crash recovery > #given parent_dirty was checkpointed before cleanup #when finalization retries #then the durable decision and user edit are preserved [521.50ms]

packages/omo-senpi/src/components/memory/worker/run-terminal-precedence.test.ts:
(pass) run abandonment precedence > #given a publisher that finishes during liveness classification #when precedence is checked #then abandonment is vetoed [1.47ms]
(pass) run abandonment precedence > #given a publish claimant whose pid is confirmed dead #when precedence is checked #then abandonment reclaims the terminal claim [5.84ms]
(pass) run abandonment precedence > #given a publish claimant whose pid liveness is unknown #when precedence is checked #then the run stays active [1.90ms]
(pass) run abandonment precedence > #given a genuinely dead run with unknown liveness #when precedence is checked #then it still abandons [1.32ms]

packages/omo-senpi/src/components/memory/worker/memory-run-supervisor.ic8.test.ts:
(pass) memory run supervisor IC-8 containment > #given injected Windows and a child that exits during grace #when the hard deadline arrives #then the supervisor cancels forced taskkill [217.19ms]
(pass) memory run supervisor IC-8 containment > #given the injected posix branch #when the absolute deadline instants are advanced #then graceful and hard tree termination use those instants [317.95ms]
(pass) memory run supervisor IC-8 containment > #given the injected posix branch and a released child #when the supervisor dies abruptly #then the bootstrap alone enforces the persisted deadline [249.83ms]
(pass) memory run supervisor IC-8 containment > #given the injected win32 branch #when the absolute deadline instants are advanced #then graceful and hard tree termination use those instants [461.69ms]
(pass) memory run supervisor IC-8 containment > #given the injected win32 branch and a released child #when the supervisor dies abruptly #then the bootstrap alone enforces the persisted deadline [256.51ms]

packages/omo-senpi/src/components/memory/worker/resolve-model.test.ts:
(pass) resolveReflectionModel > #given quick category model and reasoning #when resolved #then it returns the Senpi model selector and thinking level [0.34ms]
(pass) resolveReflectionModel > #given an empty model registry #when quick cannot resolve #then it fails closed as category_unavailable [0.09ms]
(pass) resolveReflectionModel > #given a pinned user model with a stale availability snapshot #when resolved #then find() wins over the gate [0.17ms]
(pass) resolveReflectionModel > #given a pinned model that find() cannot locate #when resolved #then it still fails closed [0.11ms]
(pass) resolveReflectionModel > #given canonical models and a stale availability snapshot #when find locates the chain #then reflection preserves every fallback [0.14ms]
(pass) resolveReflectionModel > #given legacy fallback_models and a stale availability snapshot #when find locates the chain #then reflection preserves every fallback [0.11ms]
(pass) resolveReflectionModel > #given the task warning suppression convention #when evaluated #then global opt-out and per-category opt-in retain their precedence [0.19ms]

packages/omo-senpi/src/components/memory/worker/spawn.test.ts:
(pass) worker payload mode relaxation > #given a missing facts payload from the first launch #when mode relaxation reports ENOENT #then preparation continues [1.22ms]
(pass) worker payload mode relaxation > #given facts payload mode relaxation fails unexpectedly #when preparation runs #then the chmod failure is surfaced [0.31ms]
(pass) worker payload mode relaxation > #given reflection payload mode relaxation fails unexpectedly #when preparation runs #then the chmod failure is surfaced [0.50ms]
(pass) worker senpi command resolution > #given an env whose PATH cannot resolve senpi #when a facts spawn is prepared #then the command is executable rather than the bare name [0.68ms]
(pass) worker senpi command resolution > #given an explicit senpiCommand #when a facts spawn is prepared #then the override is preserved [0.48ms]

packages/omo-senpi/src/components/memory/worker/run-finalization-claim.test.ts:
(pass) per-run finalization claim > #given concurrent finalizers #when the first publishes final #then the waiter observes terminal without executing [8.72ms]

packages/omo-senpi/src/components/memory/worker/run-finalization-race.test.ts:
(pass) run finalization publication races > #given outcome publishes during abandonment state read #when terminalized #then matching outcome wins and abandoned is never published [258.02ms]
(pass) run finalization publication races > #given publication is scheduled after every unknown-liveness read #when abandonment writes #then the matching publisher wins atomically [192.11ms]
(pass) run finalization publication races > #given attempt two and a stale attempt-one outcome #when current attempt is confirmed dead #then stale outcome is ignored [253.88ms]

 1282 pass
 0 fail
 3718 expect() calls
Ran 1282 tests across 203 files. [101.97s]
$ tsgo --noEmit -p tsconfig.json
$ tsgo --noEmit -p tsconfig.json
Senpi LSP runtime is current: /Volumes/mengmotaStorage/local-workspaces/omo-wt/feat/memory-v2-active-learning/packages/omo-senpi/plugin/runtime/lsp-daemon/dist
Senpi ast-grep-mcp runtime is current: /Volumes/mengmotaStorage/local-workspaces/omo-wt/feat/memory-v2-active-learning/packages/omo-senpi/plugin/runtime/ast-grep-mcp/cli.js sha256=cbff6be91f343c59c4f7d05f9acf6b0f8bde6d05e19d5d6f5a46b45a6a26bd50
Senpi agent-toolkit runtime is current: /Volumes/mengmotaStorage/local-workspaces/omo-wt/feat/memory-v2-active-learning/packages/omo-senpi/plugin/runtime/agent-toolkit sha256=eeb16d3028fd8057997b5efdec3a983f7f2d25a15d5f7df075a14f2a5cf5f651
Bundled 876 modules in 27ms

  omo.js  1.0 MB  (entry point)

Bundled 279 modules in 11ms

  omo-member.js  117.61 KB  (entry point)

Bundled 87 modules in 6ms

  omo-memory-mcp.js  68.0 KB  (entry point)

Bundled 83 modules in 5ms

  memory-run-supervisor.mjs  16.90 KB  (entry point)

Bundled 435 modules in 13ms

  omo-init-deep-advisor.js  57.35 KB  (entry point)

omo-senpi extension build is current: /Volumes/mengmotaStorage/local-workspaces/omo-wt/feat/memory-v2-active-learning/packages/omo-senpi/plugin/extensions/omo.js
